scope,feature_set,split,lead_s,task,target,model,metric,can,flow,delta
full,flow,driver,,classification,post_maneuver_type,lightgbm,balanced_acc,0.335019,0.29014,-0.044879
full,flow,driver,,classification,post_maneuver_type,lightgbm,macro_f1,0.305974,0.263146,-0.042828
full,flow,driver,,classification,post_maneuver_type,tabpfn,balanced_acc,0.300408,0.299472,-0.000936
full,flow,driver,,classification,post_maneuver_type,tabpfn,macro_f1,0.244135,0.221227,-0.022908
full,flow,driver,,regression,post_max_abs_steer_torque,lightgbm,r2,0.514104,-0.409187,-0.92329
full,flow,driver,,regression,post_max_abs_steer_torque,lightgbm,mae,273.600961,628.656294,355.055333
full,flow,driver,,regression,post_max_abs_steer_torque,tabpfn,r2,0.639398,-0.274767,-0.914165
full,flow,driver,,regression,post_max_abs_steer_torque,tabpfn,mae,223.081042,611.097799,388.016757
full,flow,driver,,regression,post_max_abs_jerk_mps3,lightgbm,r2,-0.281763,-0.229683,0.05208
full,flow,driver,,regression,post_max_abs_jerk_mps3,lightgbm,mae,2.523251,2.624745,0.101495
full,flow,driver,,regression,post_max_abs_jerk_mps3,tabpfn,r2,0.000289,-0.047031,-0.047319
full,flow,driver,,regression,post_max_abs_jerk_mps3,tabpfn,mae,2.292949,2.440473,0.147523
full,both,driver,,classification,post_maneuver_type,lightgbm,balanced_acc,0.335019,0.333773,-0.001246
full,both,driver,,classification,post_maneuver_type,lightgbm,macro_f1,0.305974,0.318334,0.012359
full,both,driver,,classification,post_maneuver_type,tabpfn,balanced_acc,0.300408,0.290884,-0.009524
full,both,driver,,classification,post_maneuver_type,tabpfn,macro_f1,0.244135,0.242717,-0.001418
full,both,driver,,regression,post_max_abs_steer_torque,lightgbm,r2,0.514104,0.547394,0.033291
full,both,driver,,regression,post_max_abs_steer_torque,lightgbm,mae,273.600961,262.657996,-10.942965
full,both,driver,,regression,post_max_abs_steer_torque,tabpfn,r2,0.639398,0.646712,0.007314
full,both,driver,,regression,post_max_abs_steer_torque,tabpfn,mae,223.081042,220.890781,-2.190261
full,both,driver,,regression,post_max_abs_jerk_mps3,lightgbm,r2,-0.281763,-0.242222,0.039541
full,both,driver,,regression,post_max_abs_jerk_mps3,lightgbm,mae,2.523251,2.497658,-0.025592
full,both,driver,,regression,post_max_abs_jerk_mps3,tabpfn,r2,0.000289,0.010375,0.010086
full,both,driver,,regression,post_max_abs_jerk_mps3,tabpfn,mae,2.292949,2.293297,0.000347
brand,flow,brand,,classification,post_maneuver_type,lightgbm,balanced_acc,0.474193,0.349907,-0.124286
brand,flow,brand,,classification,post_maneuver_type,lightgbm,macro_f1,0.411803,0.281705,-0.130098
brand,flow,brand,,classification,post_maneuver_type,tabpfn,balanced_acc,0.283024,0.286607,0.003583
brand,flow,brand,,classification,post_maneuver_type,tabpfn,macro_f1,0.220392,0.187602,-0.03279
brand,both,brand,,classification,post_maneuver_type,lightgbm,balanced_acc,0.474193,0.460007,-0.014186
brand,both,brand,,classification,post_maneuver_type,lightgbm,macro_f1,0.411803,0.382612,-0.029191
brand,both,brand,,classification,post_maneuver_type,tabpfn,balanced_acc,0.283024,0.284592,0.001567
brand,both,brand,,classification,post_maneuver_type,tabpfn,macro_f1,0.220392,0.223026,0.002634
lead,flow,driver,-0.0,classification,post_maneuver_type,lightgbm,balanced_acc,0.371654,0.306291,-0.065363
lead,flow,driver,-0.0,classification,post_maneuver_type,lightgbm,macro_f1,0.368549,0.296085,-0.072464
lead,flow,driver,-0.0,classification,post_maneuver_type,tabpfn,balanced_acc,0.266402,0.171923,-0.094478
lead,flow,driver,-0.0,classification,post_maneuver_type,tabpfn,macro_f1,0.231115,0.150111,-0.081004
lead,flow,driver,-0.0,regression,post_max_abs_steer_torque,lightgbm,r2,0.636685,-0.509486,-1.146172
lead,flow,driver,-0.0,regression,post_max_abs_steer_torque,lightgbm,mae,247.947268,656.541384,408.594116
lead,flow,driver,-0.0,regression,post_max_abs_steer_torque,tabpfn,r2,0.697291,-0.230378,-0.927669
lead,flow,driver,-0.0,regression,post_max_abs_steer_torque,tabpfn,mae,207.024781,611.874167,404.849386
lead,both,driver,-0.0,classification,post_maneuver_type,lightgbm,balanced_acc,0.371654,0.374559,0.002905
lead,both,driver,-0.0,classification,post_maneuver_type,lightgbm,macro_f1,0.368549,0.370831,0.002282
lead,both,driver,-0.0,classification,post_maneuver_type,tabpfn,balanced_acc,0.266402,0.269781,0.003379
lead,both,driver,-0.0,classification,post_maneuver_type,tabpfn,macro_f1,0.231115,0.223189,-0.007926
lead,both,driver,-0.0,regression,post_max_abs_steer_torque,lightgbm,r2,0.636685,0.612339,-0.024347
lead,both,driver,-0.0,regression,post_max_abs_steer_torque,lightgbm,mae,247.947268,257.211002,9.263734
lead,both,driver,-0.0,regression,post_max_abs_steer_torque,tabpfn,r2,0.697291,0.701115,0.003824
lead,both,driver,-0.0,regression,post_max_abs_steer_torque,tabpfn,mae,207.024781,204.165674,-2.859107
lead,flow,driver,0.5,classification,post_maneuver_type,lightgbm,balanced_acc,0.368798,0.307592,-0.061206
lead,flow,driver,0.5,classification,post_maneuver_type,lightgbm,macro_f1,0.354958,0.293679,-0.06128
lead,flow,driver,0.5,classification,post_maneuver_type,tabpfn,balanced_acc,0.25546,0.17979,-0.075669
lead,flow,driver,0.5,classification,post_maneuver_type,tabpfn,macro_f1,0.217673,0.151865,-0.065807
lead,flow,driver,0.5,regression,post_max_abs_steer_torque,lightgbm,r2,0.576246,-0.632589,-1.208835
lead,flow,driver,0.5,regression,post_max_abs_steer_torque,lightgbm,mae,268.70825,680.525766,411.817516
lead,flow,driver,0.5,regression,post_max_abs_steer_torque,tabpfn,r2,0.636548,-0.247358,-0.883906
lead,flow,driver,0.5,regression,post_max_abs_steer_torque,tabpfn,mae,229.208294,615.392893,386.184599
lead,both,driver,0.5,classification,post_maneuver_type,lightgbm,balanced_acc,0.368798,0.375407,0.006608
lead,both,driver,0.5,classification,post_maneuver_type,lightgbm,macro_f1,0.354958,0.367312,0.012353
lead,both,driver,0.5,classification,post_maneuver_type,tabpfn,balanced_acc,0.25546,0.261595,0.006136
lead,both,driver,0.5,classification,post_maneuver_type,tabpfn,macro_f1,0.217673,0.218925,0.001252
lead,both,driver,0.5,regression,post_max_abs_steer_torque,lightgbm,r2,0.576246,0.557372,-0.018874
lead,both,driver,0.5,regression,post_max_abs_steer_torque,lightgbm,mae,268.70825,276.668294,7.960045
lead,both,driver,0.5,regression,post_max_abs_steer_torque,tabpfn,r2,0.636548,0.634998,-0.00155
lead,both,driver,0.5,regression,post_max_abs_steer_torque,tabpfn,mae,229.208294,228.99859,-0.209704
lead,flow,driver,1.0,classification,post_maneuver_type,lightgbm,balanced_acc,0.358245,0.284657,-0.073588
lead,flow,driver,1.0,classification,post_maneuver_type,lightgbm,macro_f1,0.344006,0.261558,-0.082449
lead,flow,driver,1.0,classification,post_maneuver_type,tabpfn,balanced_acc,0.248848,0.150552,-0.098296
lead,flow,driver,1.0,classification,post_maneuver_type,tabpfn,macro_f1,0.219403,0.140722,-0.078681
lead,flow,driver,1.0,regression,post_max_abs_steer_torque,lightgbm,r2,0.579109,-0.615071,-1.194179
lead,flow,driver,1.0,regression,post_max_abs_steer_torque,lightgbm,mae,272.024794,674.921013,402.896219
lead,flow,driver,1.0,regression,post_max_abs_steer_torque,tabpfn,r2,0.603739,-0.256289,-0.860028
lead,flow,driver,1.0,regression,post_max_abs_steer_torque,tabpfn,mae,241.353389,620.69093,379.337542
lead,both,driver,1.0,classification,post_maneuver_type,lightgbm,balanced_acc,0.358245,0.360238,0.001992
lead,both,driver,1.0,classification,post_maneuver_type,lightgbm,macro_f1,0.344006,0.343578,-0.000428
lead,both,driver,1.0,classification,post_maneuver_type,tabpfn,balanced_acc,0.248848,0.236575,-0.012272
lead,both,driver,1.0,classification,post_maneuver_type,tabpfn,macro_f1,0.219403,0.210234,-0.00917
lead,both,driver,1.0,regression,post_max_abs_steer_torque,lightgbm,r2,0.579109,0.564044,-0.015065
lead,both,driver,1.0,regression,post_max_abs_steer_torque,lightgbm,mae,272.024794,275.74264,3.717846
lead,both,driver,1.0,regression,post_max_abs_steer_torque,tabpfn,r2,0.603739,0.605298,0.001559
lead,both,driver,1.0,regression,post_max_abs_steer_torque,tabpfn,mae,241.353389,239.092468,-2.26092
lead,flow,driver,1.5,classification,post_maneuver_type,lightgbm,balanced_acc,0.359889,0.290201,-0.069688
lead,flow,driver,1.5,classification,post_maneuver_type,lightgbm,macro_f1,0.345608,0.277092,-0.068516
lead,flow,driver,1.5,classification,post_maneuver_type,tabpfn,balanced_acc,0.244766,0.139057,-0.105709
lead,flow,driver,1.5,classification,post_maneuver_type,tabpfn,macro_f1,0.214229,0.133097,-0.081132
lead,flow,driver,1.5,regression,post_max_abs_steer_torque,lightgbm,r2,0.558846,-0.574803,-1.133649
lead,flow,driver,1.5,regression,post_max_abs_steer_torque,lightgbm,mae,277.560619,677.977308,400.416689
lead,flow,driver,1.5,regression,post_max_abs_steer_torque,tabpfn,r2,0.608697,-0.260365,-0.869062
lead,flow,driver,1.5,regression,post_max_abs_steer_torque,tabpfn,mae,240.299579,622.076569,381.77699
lead,both,driver,1.5,classification,post_maneuver_type,lightgbm,balanced_acc,0.359889,0.358522,-0.001367
lead,both,driver,1.5,classification,post_maneuver_type,lightgbm,macro_f1,0.345608,0.342373,-0.003235
lead,both,driver,1.5,classification,post_maneuver_type,tabpfn,balanced_acc,0.244766,0.224094,-0.020673
lead,both,driver,1.5,classification,post_maneuver_type,tabpfn,macro_f1,0.214229,0.202567,-0.011662
lead,both,driver,1.5,regression,post_max_abs_steer_torque,lightgbm,r2,0.558846,0.5667,0.007854
lead,both,driver,1.5,regression,post_max_abs_steer_torque,lightgbm,mae,277.560619,274.746299,-2.81432
lead,both,driver,1.5,regression,post_max_abs_steer_torque,tabpfn,r2,0.608697,0.608528,-0.00017
lead,both,driver,1.5,regression,post_max_abs_steer_torque,tabpfn,mae,240.299579,239.546392,-0.753187
lead,flow,driver,2.0,classification,post_maneuver_type,lightgbm,balanced_acc,0.345948,0.281805,-0.064143
lead,flow,driver,2.0,classification,post_maneuver_type,lightgbm,macro_f1,0.325782,0.263144,-0.062638
lead,flow,driver,2.0,classification,post_maneuver_type,tabpfn,balanced_acc,0.236423,0.136275,-0.100147
lead,flow,driver,2.0,classification,post_maneuver_type,tabpfn,macro_f1,0.206924,0.128156,-0.078768
lead,flow,driver,2.0,regression,post_max_abs_steer_torque,lightgbm,r2,0.553014,-0.601947,-1.154961
lead,flow,driver,2.0,regression,post_max_abs_steer_torque,lightgbm,mae,280.748032,692.360019,411.611987
lead,flow,driver,2.0,regression,post_max_abs_steer_torque,tabpfn,r2,0.605056,-0.268419,-0.873475
lead,flow,driver,2.0,regression,post_max_abs_steer_torque,tabpfn,mae,239.704933,623.356097,383.651163
lead,both,driver,2.0,classification,post_maneuver_type,lightgbm,balanced_acc,0.345948,0.34502,-0.000928
lead,both,driver,2.0,classification,post_maneuver_type,lightgbm,macro_f1,0.325782,0.326243,0.00046
lead,both,driver,2.0,classification,post_maneuver_type,tabpfn,balanced_acc,0.236423,0.218987,-0.017435
lead,both,driver,2.0,classification,post_maneuver_type,tabpfn,macro_f1,0.206924,0.200038,-0.006886
lead,both,driver,2.0,regression,post_max_abs_steer_torque,lightgbm,r2,0.553014,0.555615,0.002601
lead,both,driver,2.0,regression,post_max_abs_steer_torque,lightgbm,mae,280.748032,281.98549,1.237459
lead,both,driver,2.0,regression,post_max_abs_steer_torque,tabpfn,r2,0.605056,0.594888,-0.010169
lead,both,driver,2.0,regression,post_max_abs_steer_torque,tabpfn,mae,239.704933,242.454157,2.749224
lead,flow,driver,2.5,classification,post_maneuver_type,lightgbm,balanced_acc,0.340932,0.290274,-0.050658
lead,flow,driver,2.5,classification,post_maneuver_type,lightgbm,macro_f1,0.321374,0.274542,-0.046832
lead,flow,driver,2.5,classification,post_maneuver_type,tabpfn,balanced_acc,0.232315,0.165661,-0.066654
lead,flow,driver,2.5,classification,post_maneuver_type,tabpfn,macro_f1,0.199855,0.150342,-0.049513
lead,flow,driver,2.5,regression,post_max_abs_steer_torque,lightgbm,r2,0.587469,-0.580988,-1.168457
lead,flow,driver,2.5,regression,post_max_abs_steer_torque,lightgbm,mae,274.166644,668.642771,394.476128
lead,flow,driver,2.5,regression,post_max_abs_steer_torque,tabpfn,r2,0.616876,-0.259738,-0.876613
lead,flow,driver,2.5,regression,post_max_abs_steer_torque,tabpfn,mae,237.960702,619.45926,381.498558
lead,both,driver,2.5,classification,post_maneuver_type,lightgbm,balanced_acc,0.340932,0.355466,0.014534
lead,both,driver,2.5,classification,post_maneuver_type,lightgbm,macro_f1,0.321374,0.345439,0.024064
lead,both,driver,2.5,classification,post_maneuver_type,tabpfn,balanced_acc,0.232315,0.20968,-0.022635
lead,both,driver,2.5,classification,post_maneuver_type,tabpfn,macro_f1,0.199855,0.193694,-0.006161
lead,both,driver,2.5,regression,post_max_abs_steer_torque,lightgbm,r2,0.587469,0.574869,-0.012599
lead,both,driver,2.5,regression,post_max_abs_steer_torque,lightgbm,mae,274.166644,275.344159,1.177515
lead,both,driver,2.5,regression,post_max_abs_steer_torque,tabpfn,r2,0.616876,0.599226,-0.01765
lead,both,driver,2.5,regression,post_max_abs_steer_torque,tabpfn,mae,237.960702,242.772656,4.811954
lead,flow,driver,3.0,classification,post_maneuver_type,lightgbm,balanced_acc,0.341306,0.290862,-0.050444
lead,flow,driver,3.0,classification,post_maneuver_type,lightgbm,macro_f1,0.323825,0.273682,-0.050142
lead,flow,driver,3.0,classification,post_maneuver_type,tabpfn,balanced_acc,0.22931,0.255403,0.026092
lead,flow,driver,3.0,classification,post_maneuver_type,tabpfn,macro_f1,0.2004,0.196987,-0.003414
lead,flow,driver,3.0,regression,post_max_abs_steer_torque,lightgbm,r2,0.591269,-0.658267,-1.249536
lead,flow,driver,3.0,regression,post_max_abs_steer_torque,lightgbm,mae,270.338112,682.064425,411.726313
lead,flow,driver,3.0,regression,post_max_abs_steer_torque,tabpfn,r2,0.605687,-0.266108,-0.871795
lead,flow,driver,3.0,regression,post_max_abs_steer_torque,tabpfn,mae,242.49214,619.745135,377.252995
lead,both,driver,3.0,classification,post_maneuver_type,lightgbm,balanced_acc,0.341306,0.348801,0.007494
lead,both,driver,3.0,classification,post_maneuver_type,lightgbm,macro_f1,0.323825,0.330357,0.006532
lead,both,driver,3.0,classification,post_maneuver_type,tabpfn,balanced_acc,0.22931,0.251165,0.021855
lead,both,driver,3.0,classification,post_maneuver_type,tabpfn,macro_f1,0.2004,0.212687,0.012287
lead,both,driver,3.0,regression,post_max_abs_steer_torque,lightgbm,r2,0.591269,0.555752,-0.035516
lead,both,driver,3.0,regression,post_max_abs_steer_torque,lightgbm,mae,270.338112,280.529994,10.191882
lead,both,driver,3.0,regression,post_max_abs_steer_torque,tabpfn,r2,0.605687,0.591718,-0.013968
lead,both,driver,3.0,regression,post_max_abs_steer_torque,tabpfn,mae,242.49214,245.742408,3.250268
lead,flow,driver,3.5,classification,post_maneuver_type,lightgbm,balanced_acc,0.351729,0.296949,-0.054781
lead,flow,driver,3.5,classification,post_maneuver_type,lightgbm,macro_f1,0.333533,0.285984,-0.047549
lead,flow,driver,3.5,classification,post_maneuver_type,tabpfn,balanced_acc,0.249695,0.200812,-0.048883
lead,flow,driver,3.5,classification,post_maneuver_type,tabpfn,macro_f1,0.208152,0.171483,-0.036669
lead,flow,driver,3.5,regression,post_max_abs_steer_torque,lightgbm,r2,0.534545,-0.631948,-1.166493
lead,flow,driver,3.5,regression,post_max_abs_steer_torque,lightgbm,mae,283.802545,683.251881,399.449336
lead,flow,driver,3.5,regression,post_max_abs_steer_torque,tabpfn,r2,0.585764,-0.268067,-0.853832
lead,flow,driver,3.5,regression,post_max_abs_steer_torque,tabpfn,mae,244.687715,619.011671,374.323956
lead,both,driver,3.5,classification,post_maneuver_type,lightgbm,balanced_acc,0.351729,0.343151,-0.008578
lead,both,driver,3.5,classification,post_maneuver_type,lightgbm,macro_f1,0.333533,0.322472,-0.011061
lead,both,driver,3.5,classification,post_maneuver_type,tabpfn,balanced_acc,0.249695,0.269098,0.019403
lead,both,driver,3.5,classification,post_maneuver_type,tabpfn,macro_f1,0.208152,0.222023,0.013871
lead,both,driver,3.5,regression,post_max_abs_steer_torque,lightgbm,r2,0.534545,0.502664,-0.031881
lead,both,driver,3.5,regression,post_max_abs_steer_torque,lightgbm,mae,283.802545,295.57692,11.774375
lead,both,driver,3.5,regression,post_max_abs_steer_torque,tabpfn,r2,0.585764,0.570265,-0.0155
lead,both,driver,3.5,regression,post_max_abs_steer_torque,tabpfn,mae,244.687715,248.937686,4.249971
lead,flow,driver,4.0,classification,post_maneuver_type,lightgbm,balanced_acc,0.336969,0.289788,-0.047181
lead,flow,driver,4.0,classification,post_maneuver_type,lightgbm,macro_f1,0.319121,0.272299,-0.046822
lead,flow,driver,4.0,classification,post_maneuver_type,tabpfn,balanced_acc,0.267732,0.19035,-0.077382
lead,flow,driver,4.0,classification,post_maneuver_type,tabpfn,macro_f1,0.226138,0.17168,-0.054458
lead,flow,driver,4.0,regression,post_max_abs_steer_torque,lightgbm,r2,0.567921,-0.621782,-1.189703
lead,flow,driver,4.0,regression,post_max_abs_steer_torque,lightgbm,mae,276.077232,681.344472,405.267239
lead,flow,driver,4.0,regression,post_max_abs_steer_torque,tabpfn,r2,0.58857,-0.268216,-0.856786
lead,flow,driver,4.0,regression,post_max_abs_steer_torque,tabpfn,mae,244.539716,620.0879,375.548183
lead,both,driver,4.0,classification,post_maneuver_type,lightgbm,balanced_acc,0.336969,0.338629,0.00166
lead,both,driver,4.0,classification,post_maneuver_type,lightgbm,macro_f1,0.319121,0.318044,-0.001077
lead,both,driver,4.0,classification,post_maneuver_type,tabpfn,balanced_acc,0.267732,0.27665,0.008919
lead,both,driver,4.0,classification,post_maneuver_type,tabpfn,macro_f1,0.226138,0.220875,-0.005264
lead,both,driver,4.0,regression,post_max_abs_steer_torque,lightgbm,r2,0.567921,0.526815,-0.041106
lead,both,driver,4.0,regression,post_max_abs_steer_torque,lightgbm,mae,276.077232,287.426506,11.349273
lead,both,driver,4.0,regression,post_max_abs_steer_torque,tabpfn,r2,0.58857,0.57348,-0.01509
lead,both,driver,4.0,regression,post_max_abs_steer_torque,tabpfn,mae,244.539716,247.946173,3.406456
lead,flow,driver,4.5,classification,post_maneuver_type,lightgbm,balanced_acc,0.332396,0.273793,-0.058603
lead,flow,driver,4.5,classification,post_maneuver_type,lightgbm,macro_f1,0.315224,0.253797,-0.061427
lead,flow,driver,4.5,classification,post_maneuver_type,tabpfn,balanced_acc,0.248498,0.158572,-0.089926
lead,flow,driver,4.5,classification,post_maneuver_type,tabpfn,macro_f1,0.200787,0.139717,-0.06107
lead,flow,driver,4.5,regression,post_max_abs_steer_torque,lightgbm,r2,0.540255,-0.602526,-1.142781
lead,flow,driver,4.5,regression,post_max_abs_steer_torque,lightgbm,mae,287.480693,685.778198,398.297505
lead,flow,driver,4.5,regression,post_max_abs_steer_torque,tabpfn,r2,0.565707,-0.257186,-0.822892
lead,flow,driver,4.5,regression,post_max_abs_steer_torque,tabpfn,mae,250.908687,614.234344,363.325657
lead,both,driver,4.5,classification,post_maneuver_type,lightgbm,balanced_acc,0.332396,0.336983,0.004587
lead,both,driver,4.5,classification,post_maneuver_type,lightgbm,macro_f1,0.315224,0.322872,0.007648
lead,both,driver,4.5,classification,post_maneuver_type,tabpfn,balanced_acc,0.248498,0.248947,0.000449
lead,both,driver,4.5,classification,post_maneuver_type,tabpfn,macro_f1,0.200787,0.199882,-0.000904
lead,both,driver,4.5,regression,post_max_abs_steer_torque,lightgbm,r2,0.540255,0.496201,-0.044054
lead,both,driver,4.5,regression,post_max_abs_steer_torque,lightgbm,mae,287.480693,297.684537,10.203844
lead,both,driver,4.5,regression,post_max_abs_steer_torque,tabpfn,r2,0.565707,0.556021,-0.009686
lead,both,driver,4.5,regression,post_max_abs_steer_torque,tabpfn,mae,250.908687,252.228358,1.319671
lead,flow,driver,5.0,classification,post_maneuver_type,lightgbm,balanced_acc,0.329672,0.282119,-0.047553
lead,flow,driver,5.0,classification,post_maneuver_type,lightgbm,macro_f1,0.313427,0.267815,-0.045612
lead,flow,driver,5.0,classification,post_maneuver_type,tabpfn,balanced_acc,0.222807,0.169704,-0.053103
lead,flow,driver,5.0,classification,post_maneuver_type,tabpfn,macro_f1,0.184459,0.140936,-0.043523
lead,flow,driver,5.0,regression,post_max_abs_steer_torque,lightgbm,r2,0.516209,-0.539993,-1.056202
lead,flow,driver,5.0,regression,post_max_abs_steer_torque,lightgbm,mae,296.324417,667.806225,371.481808
lead,flow,driver,5.0,regression,post_max_abs_steer_torque,tabpfn,r2,0.588468,-0.239143,-0.82761
lead,flow,driver,5.0,regression,post_max_abs_steer_torque,tabpfn,mae,244.343961,609.694691,365.350731
lead,both,driver,5.0,classification,post_maneuver_type,lightgbm,balanced_acc,0.329672,0.326447,-0.003224
lead,both,driver,5.0,classification,post_maneuver_type,lightgbm,macro_f1,0.313427,0.310042,-0.003385
lead,both,driver,5.0,classification,post_maneuver_type,tabpfn,balanced_acc,0.222807,0.236472,0.013665
lead,both,driver,5.0,classification,post_maneuver_type,tabpfn,macro_f1,0.184459,0.191437,0.006978
lead,both,driver,5.0,regression,post_max_abs_steer_torque,lightgbm,r2,0.516209,0.491105,-0.025104
lead,both,driver,5.0,regression,post_max_abs_steer_torque,lightgbm,mae,296.324417,302.999587,6.67517
lead,both,driver,5.0,regression,post_max_abs_steer_torque,tabpfn,r2,0.588468,0.579802,-0.008666
lead,both,driver,5.0,regression,post_max_abs_steer_torque,tabpfn,mae,244.343961,245.681197,1.337236
lead,flow,driver,5.5,classification,post_maneuver_type,lightgbm,balanced_acc,0.326767,0.29227,-0.034498
lead,flow,driver,5.5,classification,post_maneuver_type,lightgbm,macro_f1,0.309442,0.276395,-0.033047
lead,flow,driver,5.5,classification,post_maneuver_type,tabpfn,balanced_acc,0.196042,0.185032,-0.01101
lead,flow,driver,5.5,classification,post_maneuver_type,tabpfn,macro_f1,0.169685,0.153068,-0.016617
lead,flow,driver,5.5,regression,post_max_abs_steer_torque,lightgbm,r2,0.486109,-0.495688,-0.981797
lead,flow,driver,5.5,regression,post_max_abs_steer_torque,lightgbm,mae,305.890158,659.220141,353.329983
lead,flow,driver,5.5,regression,post_max_abs_steer_torque,tabpfn,r2,0.573982,-0.244236,-0.818219
lead,flow,driver,5.5,regression,post_max_abs_steer_torque,tabpfn,mae,249.455128,610.55165,361.096522
lead,both,driver,5.5,classification,post_maneuver_type,lightgbm,balanced_acc,0.326767,0.336997,0.010229
lead,both,driver,5.5,classification,post_maneuver_type,lightgbm,macro_f1,0.309442,0.317732,0.00829
lead,both,driver,5.5,classification,post_maneuver_type,tabpfn,balanced_acc,0.196042,0.224065,0.028022
lead,both,driver,5.5,classification,post_maneuver_type,tabpfn,macro_f1,0.169685,0.179218,0.009533
lead,both,driver,5.5,regression,post_max_abs_steer_torque,lightgbm,r2,0.486109,0.466533,-0.019576
lead,both,driver,5.5,regression,post_max_abs_steer_torque,lightgbm,mae,305.890158,315.014503,9.124345
lead,both,driver,5.5,regression,post_max_abs_steer_torque,tabpfn,r2,0.573982,0.565876,-0.008106
lead,both,driver,5.5,regression,post_max_abs_steer_torque,tabpfn,mae,249.455128,250.860573,1.405445
lead,flow,driver,6.0,classification,post_maneuver_type,lightgbm,balanced_acc,0.342506,0.278414,-0.064093
lead,flow,driver,6.0,classification,post_maneuver_type,lightgbm,macro_f1,0.32548,0.261677,-0.063803
lead,flow,driver,6.0,classification,post_maneuver_type,tabpfn,balanced_acc,0.18674,0.149991,-0.03675
lead,flow,driver,6.0,classification,post_maneuver_type,tabpfn,macro_f1,0.165887,0.127562,-0.038325
lead,flow,driver,6.0,regression,post_max_abs_steer_torque,lightgbm,r2,0.563157,-0.566231,-1.129388
lead,flow,driver,6.0,regression,post_max_abs_steer_torque,lightgbm,mae,280.373217,675.853848,395.480631
lead,flow,driver,6.0,regression,post_max_abs_steer_torque,tabpfn,r2,0.571872,-0.2455,-0.817372
lead,flow,driver,6.0,regression,post_max_abs_steer_torque,tabpfn,mae,250.747887,610.916116,360.168229
lead,both,driver,6.0,classification,post_maneuver_type,lightgbm,balanced_acc,0.342506,0.326197,-0.016309
lead,both,driver,6.0,classification,post_maneuver_type,lightgbm,macro_f1,0.32548,0.308509,-0.016971
lead,both,driver,6.0,classification,post_maneuver_type,tabpfn,balanced_acc,0.18674,0.210747,0.024006
lead,both,driver,6.0,classification,post_maneuver_type,tabpfn,macro_f1,0.165887,0.175723,0.009836
lead,both,driver,6.0,regression,post_max_abs_steer_torque,lightgbm,r2,0.563157,0.534448,-0.028709
lead,both,driver,6.0,regression,post_max_abs_steer_torque,lightgbm,mae,280.373217,291.490664,11.117447
lead,both,driver,6.0,regression,post_max_abs_steer_torque,tabpfn,r2,0.571872,0.566209,-0.005663
lead,both,driver,6.0,regression,post_max_abs_steer_torque,tabpfn,mae,250.747887,252.230819,1.482932
lead,flow,driver,6.5,classification,post_maneuver_type,lightgbm,balanced_acc,0.312499,0.26614,-0.046358
lead,flow,driver,6.5,classification,post_maneuver_type,lightgbm,macro_f1,0.29181,0.250582,-0.041228
lead,flow,driver,6.5,classification,post_maneuver_type,tabpfn,balanced_acc,0.18578,0.148939,-0.03684
lead,flow,driver,6.5,classification,post_maneuver_type,tabpfn,macro_f1,0.160734,0.129625,-0.031109
lead,flow,driver,6.5,regression,post_max_abs_steer_torque,lightgbm,r2,0.541681,-0.511054,-1.052735
lead,flow,driver,6.5,regression,post_max_abs_steer_torque,lightgbm,mae,287.73597,663.409485,375.673515
lead,flow,driver,6.5,regression,post_max_abs_steer_torque,tabpfn,r2,0.56826,-0.247035,-0.815295
lead,flow,driver,6.5,regression,post_max_abs_steer_torque,tabpfn,mae,251.168073,614.101835,362.933762
lead,both,driver,6.5,classification,post_maneuver_type,lightgbm,balanced_acc,0.312499,0.308558,-0.003941
lead,both,driver,6.5,classification,post_maneuver_type,lightgbm,macro_f1,0.29181,0.287501,-0.004309
lead,both,driver,6.5,classification,post_maneuver_type,tabpfn,balanced_acc,0.18578,0.210762,0.024982
lead,both,driver,6.5,classification,post_maneuver_type,tabpfn,macro_f1,0.160734,0.18161,0.020876
lead,both,driver,6.5,regression,post_max_abs_steer_torque,lightgbm,r2,0.541681,0.551438,0.009758
lead,both,driver,6.5,regression,post_max_abs_steer_torque,lightgbm,mae,287.73597,282.685675,-5.050295
lead,both,driver,6.5,regression,post_max_abs_steer_torque,tabpfn,r2,0.56826,0.566156,-0.002104
lead,both,driver,6.5,regression,post_max_abs_steer_torque,tabpfn,mae,251.168073,251.321851,0.153777
