lead_s,n,both|lightgbm|balanced_acc,both|lightgbm|macro_f1,both|lightgbm|steer_r2,both|lightgbm|steer_mae,both|tabpfn|balanced_acc,both|tabpfn|macro_f1,both|tabpfn|steer_r2,both|tabpfn|steer_mae,can|lightgbm|balanced_acc,can|lightgbm|macro_f1,can|lightgbm|steer_r2,can|lightgbm|steer_mae,can|tabpfn|balanced_acc,can|tabpfn|macro_f1,can|tabpfn|steer_r2,can|tabpfn|steer_mae,flow|lightgbm|balanced_acc,flow|lightgbm|macro_f1,flow|lightgbm|steer_r2,flow|lightgbm|steer_mae,flow|tabpfn|balanced_acc,flow|tabpfn|macro_f1,flow|tabpfn|steer_r2,flow|tabpfn|steer_mae
-0.0,1041,0.3745589659011365,0.37083149014759276,0.6123387105077489,257.211002297758,0.26978116311812705,0.2231885462250633,0.701115246297844,204.16567373283164,0.371653631460488,0.36854908774482986,0.6366852938056595,247.94726834898657,0.26640198772664125,0.23111495212244249,0.6972907508175099,207.02478056124818,0.3062910583424221,0.2960847853925442,-0.5094863932238527,656.5413841763367,0.17192349638133603,0.1501112491741271,-0.23037822667556176,611.8741667645738
0.5,1041,0.3754066690368896,0.367311532309692,0.5573719158289968,276.6682943851382,0.2615954430860014,0.2189246817422105,0.6349978924839272,228.9985902244022,0.3687982360680956,0.35495841265710426,0.5762461099763423,268.70824978485535,0.2554596975730714,0.21767253501436118,0.6365479288274767,229.20829397491184,0.3075921550784414,0.293678578431806,-0.6325887544744182,680.5257657168689,0.1797904296897621,0.15186536494852051,-0.24735794907459813,615.3928930270919
1.0,1041,0.3602376572224415,0.3435783323689841,0.5640439176702917,275.7426397158871,0.23657531137815307,0.2102336504378796,0.605298024199808,239.09246806775096,0.35824523038232226,0.3440062942304367,0.5791086827933571,272.02479362884435,0.24884777503895208,0.21940334988768062,0.6037392929071255,241.35338852244678,0.2846568125364118,0.2615577403686951,-0.6150706769022898,674.9210129247592,0.15055188875119013,0.1407223057759614,-0.2562886147824105,620.690930487654
1.5,1041,0.3585223683083059,0.3423734445607468,0.5667000883898548,274.7462992442348,0.22409351516421022,0.20256650149913735,0.6085276185845891,239.5463918458626,0.3598892895953966,0.34560823549099295,0.5588459351827172,277.5606192070148,0.24476620788996878,0.2142287900928635,0.6086971398844218,240.2995792628401,0.2902012725801181,0.2770922721734522,-0.5748026005581638,677.9773084102565,0.1390572775575728,0.13309716544437178,-0.26036512838351566,622.0765690841589
2.0,1041,0.34501976419216407,0.32624258328316885,0.5556152081357716,281.98549030313814,0.2189873552415138,0.20003800107702144,0.5948875647937737,242.45415738108653,0.3459481362469078,0.32578241770292093,0.5530139078714027,280.74803163685516,0.2364227417559265,0.20692388417735463,0.6050564440329091,239.70493313559322,0.2818049135015495,0.2631439391441759,-0.6019471009384082,692.3600188360458,0.13627548247510685,0.12815613290544942,-0.2684188035428354,623.3560966285481
2.5,1041,0.35546649249011364,0.34543857739998224,0.5748694341169136,275.34415872736025,0.2096799971605198,0.19369354580610668,0.5992258461060299,242.7726555007267,0.34093206564830664,0.32137422396813015,0.5874685581828494,274.1666435931217,0.23231506319974385,0.199854683597688,0.6168756295596721,237.96070186826492,0.2902744934902294,0.27454212492003005,-0.5809881888382277,668.6427712920613,0.1656609780836276,0.15034157141355575,-0.2597377533658283,619.4592595523928
3.0,1041,0.34880054385897985,0.3303565894931342,0.5557524558152511,280.52999396421563,0.25116528200196986,0.21268721904177063,0.5917184646386264,245.7424083946816,0.3413060600024921,0.3238247176472441,0.5912688358208492,270.33811224191106,0.22931034995740607,0.20040041882862272,0.6056865629057138,242.4921401123748,0.29086232465342193,0.27368233759787974,-0.6582670276529984,682.0644249939021,0.2554027912653947,0.19698651254207364,-0.26610794435763596,619.7451354806637
3.5,1041,0.34315144341633264,0.32247209879436417,0.502664230143495,295.5769200711827,0.2690981331960794,0.2220231481532026,0.5702649506469815,248.9376860400001,0.3517294836005192,0.33353300634116734,0.5345454778658716,283.8025448231574,0.249695486553614,0.20815231877864887,0.5857644654444032,244.6877153226611,0.29694853245004865,0.2859844681907068,-0.6319478695144347,683.2518808043394,0.20081217633191567,0.17148302656863268,-0.26806748091616256,619.0116708366527
4.0,1041,0.3386290737360227,0.3180441949776835,0.5268149264646385,287.42650578294877,0.27665037513997104,0.22087456102921132,0.5734797165435886,247.94617265504243,0.33696947596677507,0.3191211151584567,0.5679211919819471,276.07723246634225,0.26773173251007154,0.2261383079630949,0.5885696101387639,244.53971638703769,0.28978834360821754,0.2722990660297791,-0.6217822013722456,681.3444717900472,0.1903501592856371,0.1716803557214825,-0.26821609577339506,620.0878996069041
4.5,1041,0.3369831722130568,0.32287218443512755,0.49620079042400106,297.68453653757524,0.24894686727703,0.19988217472697253,0.5560208938932536,252.22835799210694,0.33239577937877185,0.31522400383126564,0.5402548322689935,287.4806927090265,0.2484979377959803,0.20078664397120155,0.565706596091533,250.90868737849172,0.2737926164856582,0.2537970061176199,-0.6025263222386578,685.7781975278638,0.1585716672210459,0.13971661020638235,-0.2571857536696426,614.2343442517019
5.0,1041,0.326447300505155,0.3100422653491926,0.49110533025605385,302.99958714250124,0.23647242070706603,0.19143720270501263,0.5798015683828214,245.68119701606847,0.3296717594239348,0.3134269415105924,0.516209290344755,296.3244173594017,0.2228072432179689,0.1844588367699423,0.5884677596565056,244.34396055585913,0.28211875723655927,0.2678149465108922,-0.5399925380692435,667.8062251745116,0.16970389877230896,0.14093587242972966,-0.23914266388542801,609.694691186929
5.5,1041,0.33699670186114206,0.3177316638142761,0.4665334951469558,315.01450320650724,0.2240645035236121,0.17921758616707506,0.5658760840265493,250.86057293222956,0.3267673277984962,0.3094415910886044,0.48610915256207254,305.89015796464713,0.1960420417918492,0.16968501893863555,0.5739824319645168,249.45512800823616,0.29226980895562066,0.2763948081061246,-0.4956881705190629,659.2201406808312,0.18503197560189072,0.15306811827956107,-0.2442362576195721,610.5516498961026
6.0,1041,0.32619700395354795,0.3085092396870758,0.5344478847557159,291.49066398050434,0.2107466820823783,0.17572275425219733,0.5662092911493805,252.23081878267507,0.34250606184900534,0.32548035795997343,0.5631573530989659,280.37321691196394,0.1867402292747568,0.16588714562058918,0.571871900476679,250.7478869961962,0.27841354770383536,0.26167740335595013,-0.5662307673767246,675.8538477401931,0.14999065054263996,0.12756212310446247,-0.24549972365390924,610.9161159970583
6.5,1041,0.30855752688088894,0.2875010492957265,0.5514383348252017,282.68567471905635,0.21076156514819355,0.18161017238994673,0.5661559381922434,251.32185052796353,0.312498620700459,0.2918100049092277,0.54168058175172,287.73596999118604,0.185779510386551,0.16073382071017334,0.5682604334381548,251.16807320011472,0.2661404868270687,0.2505816204683345,-0.5110544609406568,663.4094846925739,0.14893910634207325,0.12962454482044006,-0.24703479560966932,614.1018347578322
