task,target,model,split,stratum,balanced_acc,macro_f1,acc,n_test,mae,r2
classification,post_maneuver_type,logistic,driver,,0.4674,0.4152,0.5283,208.6,,
classification,post_maneuver_type,lightgbm,driver,,0.4465,0.4611,0.6549,208.6,,
regression,post_max_abs_steer_torque,logistic,driver,,,,,204.6,266.168,0.6488
regression,post_max_abs_steer_torque,lightgbm,driver,,,,,204.6,243.6854,0.6563
regression,post_max_abs_jerk_mps3,logistic,driver,,,,,204.6,2.3788,-0.1959
regression,post_max_abs_jerk_mps3,lightgbm,driver,,,,,204.6,2.3293,-0.0034
classification,post_maneuver_type,logistic,driver,qlog,0.4783,0.4378,0.5406,130.6,,
classification,post_maneuver_type,lightgbm,driver,qlog,0.4467,0.4431,0.6417,130.6,,
classification,post_maneuver_type,logistic,driver,rlog,0.4505,0.4128,0.5256,78.0,,
classification,post_maneuver_type,lightgbm,driver,rlog,0.4515,0.4532,0.6205,78.0,,
classification,post_maneuver_type,logistic,brand,,0.5305,0.478,0.574,49.6667,,
classification,post_maneuver_type,lightgbm,brand,,0.5768,0.5647,0.6955,49.6667,,
