scope,feature_set,task,target,model,split,lead_s,n_features,n_folds,balanced_acc,macro_f1,acc,n_test,mae,r2
full,can,classification,post_maneuver_type,tabpfn,driver,,62.0,5,0.3004,0.2441,0.2951,2914.8,,
full,can,regression,post_max_abs_steer_torque,tabpfn,driver,,62.0,5,,,,2858.8,223.081,0.6394
full,can,regression,post_max_abs_jerk_mps3,tabpfn,driver,,62.0,5,,,,2858.8,2.2929,0.0003
full,both,classification,post_maneuver_type,tabpfn,driver,,120.0,5,0.3055,0.2602,0.316,2914.8,,
full,both,regression,post_max_abs_steer_torque,tabpfn,driver,,120.0,5,,,,2858.8,225.5492,0.6365
full,both,regression,post_max_abs_jerk_mps3,tabpfn,driver,,120.0,5,,,,2858.8,2.302,0.0021
full,can,classification,post_maneuver_type,tabpfn,brand,,,21,0.283,0.2204,0.2967,694.0,,
full,both,classification,post_maneuver_type,tabpfn,brand,,,21,0.2823,0.2251,0.3043,694.0,,
per_lead,can,classification,post_maneuver_type,tabpfn,driver,-0.0,,5,0.2664,0.2311,0.2605,208.2,,
per_lead,can,regression,post_max_abs_steer_torque,tabpfn,driver,-0.0,,5,,,,204.2,207.0248,0.6973
per_lead,both,classification,post_maneuver_type,tabpfn,driver,-0.0,,5,0.27,0.2482,0.2855,208.2,,
per_lead,both,regression,post_max_abs_steer_torque,tabpfn,driver,-0.0,,5,,,,204.2,203.6128,0.7036
per_lead,can,classification,post_maneuver_type,tabpfn,driver,0.5,,5,0.2555,0.2177,0.2518,208.2,,
per_lead,can,regression,post_max_abs_steer_torque,tabpfn,driver,0.5,,5,,,,204.2,229.2083,0.6365
per_lead,both,classification,post_maneuver_type,tabpfn,driver,0.5,,5,0.2717,0.2434,0.2778,208.2,,
per_lead,both,regression,post_max_abs_steer_torque,tabpfn,driver,0.5,,5,,,,204.2,232.2066,0.6307
per_lead,can,classification,post_maneuver_type,tabpfn,driver,1.0,,5,0.2488,0.2194,0.2432,208.2,,
per_lead,can,regression,post_max_abs_steer_torque,tabpfn,driver,1.0,,5,,,,204.2,241.3534,0.6037
per_lead,both,classification,post_maneuver_type,tabpfn,driver,1.0,,5,0.2601,0.239,0.2768,208.2,,
per_lead,both,regression,post_max_abs_steer_torque,tabpfn,driver,1.0,,5,,,,204.2,238.8081,0.6104
per_lead,can,classification,post_maneuver_type,tabpfn,driver,1.5,,5,0.2448,0.2142,0.2432,208.2,,
per_lead,can,regression,post_max_abs_steer_torque,tabpfn,driver,1.5,,5,,,,204.2,240.2996,0.6087
per_lead,both,classification,post_maneuver_type,tabpfn,driver,1.5,,5,0.2563,0.2329,0.272,208.2,,
per_lead,both,regression,post_max_abs_steer_torque,tabpfn,driver,1.5,,5,,,,204.2,238.5893,0.6123
per_lead,can,classification,post_maneuver_type,tabpfn,driver,2.0,,5,0.2364,0.2069,0.2384,208.2,,
per_lead,can,regression,post_max_abs_steer_torque,tabpfn,driver,2.0,,5,,,,204.2,239.7049,0.6051
per_lead,both,classification,post_maneuver_type,tabpfn,driver,2.0,,5,0.2485,0.2248,0.2557,208.2,,
per_lead,both,regression,post_max_abs_steer_torque,tabpfn,driver,2.0,,5,,,,204.2,239.6801,0.6061
per_lead,can,classification,post_maneuver_type,tabpfn,driver,2.5,,5,0.2323,0.1999,0.2249,208.2,,
per_lead,can,regression,post_max_abs_steer_torque,tabpfn,driver,2.5,,5,,,,204.2,237.9607,0.6169
per_lead,both,classification,post_maneuver_type,tabpfn,driver,2.5,,5,0.2427,0.2195,0.2518,208.2,,
per_lead,both,regression,post_max_abs_steer_torque,tabpfn,driver,2.5,,5,,,,204.2,239.668,0.6142
per_lead,can,classification,post_maneuver_type,tabpfn,driver,3.0,,5,0.2293,0.2004,0.2259,208.2,,
per_lead,can,regression,post_max_abs_steer_torque,tabpfn,driver,3.0,,5,,,,204.2,242.4921,0.6057
per_lead,both,classification,post_maneuver_type,tabpfn,driver,3.0,,5,0.2432,0.2167,0.2432,208.2,,
per_lead,both,regression,post_max_abs_steer_torque,tabpfn,driver,3.0,,5,,,,204.2,246.6398,0.5964
per_lead,can,classification,post_maneuver_type,tabpfn,driver,3.5,,5,0.2497,0.2082,0.2365,208.2,,
per_lead,can,regression,post_max_abs_steer_torque,tabpfn,driver,3.5,,5,,,,204.2,244.6877,0.5858
per_lead,both,classification,post_maneuver_type,tabpfn,driver,3.5,,5,0.2494,0.2227,0.2499,208.2,,
per_lead,both,regression,post_max_abs_steer_torque,tabpfn,driver,3.5,,5,,,,204.2,247.5175,0.5805
per_lead,can,classification,post_maneuver_type,tabpfn,driver,4.0,,5,0.2677,0.2261,0.2518,208.2,,
per_lead,can,regression,post_max_abs_steer_torque,tabpfn,driver,4.0,,5,,,,204.2,244.5397,0.5886
per_lead,both,classification,post_maneuver_type,tabpfn,driver,4.0,,5,0.2441,0.2173,0.2509,208.2,,
per_lead,both,regression,post_max_abs_steer_torque,tabpfn,driver,4.0,,5,,,,204.2,248.2376,0.58
per_lead,can,classification,post_maneuver_type,tabpfn,driver,4.5,,5,0.2485,0.2008,0.2211,208.2,,
per_lead,can,regression,post_max_abs_steer_torque,tabpfn,driver,4.5,,5,,,,204.2,250.9087,0.5657
per_lead,both,classification,post_maneuver_type,tabpfn,driver,4.5,,5,0.2254,0.2063,0.2336,208.2,,
per_lead,both,regression,post_max_abs_steer_torque,tabpfn,driver,4.5,,5,,,,204.2,249.6477,0.5701
per_lead,can,classification,post_maneuver_type,tabpfn,driver,5.0,,5,0.2228,0.1845,0.2124,208.2,,
per_lead,can,regression,post_max_abs_steer_torque,tabpfn,driver,5.0,,5,,,,204.2,244.344,0.5885
per_lead,both,classification,post_maneuver_type,tabpfn,driver,5.0,,5,0.2281,0.2076,0.2355,208.2,,
per_lead,both,regression,post_max_abs_steer_torque,tabpfn,driver,5.0,,5,,,,204.2,246.7216,0.5818
per_lead,can,classification,post_maneuver_type,tabpfn,driver,5.5,,5,0.196,0.1697,0.1884,208.2,,
per_lead,can,regression,post_max_abs_steer_torque,tabpfn,driver,5.5,,5,,,,204.2,249.4551,0.574
per_lead,both,classification,post_maneuver_type,tabpfn,driver,5.5,,5,0.218,0.2026,0.2297,208.2,,
per_lead,both,regression,post_max_abs_steer_torque,tabpfn,driver,5.5,,5,,,,204.2,252.9656,0.5612
per_lead,can,classification,post_maneuver_type,tabpfn,driver,6.0,,5,0.1867,0.1659,0.1865,208.2,,
per_lead,can,regression,post_max_abs_steer_torque,tabpfn,driver,6.0,,5,,,,204.2,250.7479,0.5719
per_lead,both,classification,post_maneuver_type,tabpfn,driver,6.0,,5,0.2453,0.2135,0.2499,208.2,,
per_lead,both,regression,post_max_abs_steer_torque,tabpfn,driver,6.0,,5,,,,204.2,253.8845,0.5619
per_lead,can,classification,post_maneuver_type,tabpfn,driver,6.5,,5,0.1858,0.1607,0.1759,208.2,,
per_lead,can,regression,post_max_abs_steer_torque,tabpfn,driver,6.5,,5,,,,204.2,251.1681,0.5683
per_lead,both,classification,post_maneuver_type,tabpfn,driver,6.5,,5,0.2255,0.1964,0.2268,208.2,,
per_lead,both,regression,post_max_abs_steer_torque,tabpfn,driver,6.5,,5,,,,204.2,249.1318,0.5717
full,can,classification,post_maneuver_type,lightgbm,driver,,62.0,5,0.335,0.306,0.5379,2914.8,,
full,can,regression,post_max_abs_steer_torque,lightgbm,driver,,62.0,5,,,,2858.8,273.601,0.5141
full,can,regression,post_max_abs_jerk_mps3,lightgbm,driver,,62.0,5,,,,2858.8,2.5233,-0.2818
full,both,classification,post_maneuver_type,lightgbm,driver,,120.0,5,0.3354,0.2662,0.5419,2914.8,,
full,both,regression,post_max_abs_steer_torque,lightgbm,driver,,120.0,5,,,,2858.8,266.783,0.5328
full,both,regression,post_max_abs_jerk_mps3,lightgbm,driver,,120.0,5,,,,2858.8,2.4829,-0.2037
full,can,classification,post_maneuver_type,lightgbm,brand,,,21,0.4742,0.4118,0.5836,694.0,,
full,both,classification,post_maneuver_type,lightgbm,brand,,,21,0.4331,0.3573,0.5603,694.0,,
per_lead,can,classification,post_maneuver_type,lightgbm,driver,-0.0,,5,0.3717,0.3685,0.5735,208.2,,
per_lead,can,regression,post_max_abs_steer_torque,lightgbm,driver,-0.0,,5,,,,204.2,247.9473,0.6367
per_lead,both,classification,post_maneuver_type,lightgbm,driver,-0.0,,5,0.3828,0.3787,0.5831,208.2,,
per_lead,both,regression,post_max_abs_steer_torque,lightgbm,driver,-0.0,,5,,,,204.2,250.2737,0.6397
per_lead,can,classification,post_maneuver_type,lightgbm,driver,0.5,,5,0.3688,0.355,0.5793,208.2,,
per_lead,can,regression,post_max_abs_steer_torque,lightgbm,driver,0.5,,5,,,,204.2,268.7082,0.5762
per_lead,both,classification,post_maneuver_type,lightgbm,driver,0.5,,5,0.3629,0.352,0.5793,208.2,,
per_lead,both,regression,post_max_abs_steer_torque,lightgbm,driver,0.5,,5,,,,204.2,287.2664,0.5231
per_lead,can,classification,post_maneuver_type,lightgbm,driver,1.0,,5,0.3582,0.344,0.5735,208.2,,
per_lead,can,regression,post_max_abs_steer_torque,lightgbm,driver,1.0,,5,,,,204.2,272.0248,0.5791
per_lead,both,classification,post_maneuver_type,lightgbm,driver,1.0,,5,0.363,0.3523,0.5793,208.2,,
per_lead,both,regression,post_max_abs_steer_torque,lightgbm,driver,1.0,,5,,,,204.2,275.7175,0.566
per_lead,can,classification,post_maneuver_type,lightgbm,driver,1.5,,5,0.3599,0.3456,0.5754,208.2,,
per_lead,can,regression,post_max_abs_steer_torque,lightgbm,driver,1.5,,5,,,,204.2,277.5606,0.5588
per_lead,both,classification,post_maneuver_type,lightgbm,driver,1.5,,5,0.3503,0.3262,0.5773,208.2,,
per_lead,both,regression,post_max_abs_steer_torque,lightgbm,driver,1.5,,5,,,,204.2,290.7243,0.524
per_lead,can,classification,post_maneuver_type,lightgbm,driver,2.0,,5,0.3459,0.3258,0.5687,208.2,,
per_lead,can,regression,post_max_abs_steer_torque,lightgbm,driver,2.0,,5,,,,204.2,280.748,0.553
per_lead,both,classification,post_maneuver_type,lightgbm,driver,2.0,,5,0.3524,0.3376,0.5639,208.2,,
per_lead,both,regression,post_max_abs_steer_torque,lightgbm,driver,2.0,,5,,,,204.2,288.1801,0.5388
per_lead,can,classification,post_maneuver_type,lightgbm,driver,2.5,,5,0.3409,0.3214,0.5552,208.2,,
per_lead,can,regression,post_max_abs_steer_torque,lightgbm,driver,2.5,,5,,,,204.2,274.1666,0.5875
per_lead,both,classification,post_maneuver_type,lightgbm,driver,2.5,,5,0.3636,0.3481,0.5706,208.2,,
per_lead,both,regression,post_max_abs_steer_torque,lightgbm,driver,2.5,,5,,,,204.2,283.0242,0.5638
per_lead,can,classification,post_maneuver_type,lightgbm,driver,3.0,,5,0.3413,0.3238,0.5543,208.2,,
per_lead,can,regression,post_max_abs_steer_torque,lightgbm,driver,3.0,,5,,,,204.2,270.3381,0.5913
per_lead,both,classification,post_maneuver_type,lightgbm,driver,3.0,,5,0.3453,0.3257,0.5639,208.2,,
per_lead,both,regression,post_max_abs_steer_torque,lightgbm,driver,3.0,,5,,,,204.2,278.0011,0.5558
per_lead,can,classification,post_maneuver_type,lightgbm,driver,3.5,,5,0.3517,0.3335,0.5735,208.2,,
per_lead,can,regression,post_max_abs_steer_torque,lightgbm,driver,3.5,,5,,,,204.2,283.8025,0.5345
per_lead,both,classification,post_maneuver_type,lightgbm,driver,3.5,,5,0.36,0.3458,0.5562,208.2,,
per_lead,both,regression,post_max_abs_steer_torque,lightgbm,driver,3.5,,5,,,,204.2,292.6351,0.5082
per_lead,can,classification,post_maneuver_type,lightgbm,driver,4.0,,5,0.337,0.3191,0.5466,208.2,,
per_lead,can,regression,post_max_abs_steer_torque,lightgbm,driver,4.0,,5,,,,204.2,276.0772,0.5679
per_lead,both,classification,post_maneuver_type,lightgbm,driver,4.0,,5,0.3371,0.311,0.5524,208.2,,
per_lead,both,regression,post_max_abs_steer_torque,lightgbm,driver,4.0,,5,,,,204.2,287.2757,0.5353
per_lead,can,classification,post_maneuver_type,lightgbm,driver,4.5,,5,0.3324,0.3152,0.5389,208.2,,
per_lead,can,regression,post_max_abs_steer_torque,lightgbm,driver,4.5,,5,,,,204.2,287.4807,0.5403
per_lead,both,classification,post_maneuver_type,lightgbm,driver,4.5,,5,0.3496,0.3354,0.5572,208.2,,
per_lead,both,regression,post_max_abs_steer_torque,lightgbm,driver,4.5,,5,,,,204.2,298.5678,0.5034
per_lead,can,classification,post_maneuver_type,lightgbm,driver,5.0,,5,0.3297,0.3134,0.5255,208.2,,
per_lead,can,regression,post_max_abs_steer_torque,lightgbm,driver,5.0,,5,,,,204.2,296.3244,0.5162
per_lead,both,classification,post_maneuver_type,lightgbm,driver,5.0,,5,0.3456,0.3247,0.5514,208.2,,
per_lead,both,regression,post_max_abs_steer_torque,lightgbm,driver,5.0,,5,,,,204.2,298.9065,0.5055
per_lead,can,classification,post_maneuver_type,lightgbm,driver,5.5,,5,0.3268,0.3094,0.5303,208.2,,
per_lead,can,regression,post_max_abs_steer_torque,lightgbm,driver,5.5,,5,,,,204.2,305.8902,0.4861
per_lead,both,classification,post_maneuver_type,lightgbm,driver,5.5,,5,0.3347,0.3122,0.538,208.2,,
per_lead,both,regression,post_max_abs_steer_torque,lightgbm,driver,5.5,,5,,,,204.2,306.4555,0.4811
per_lead,can,classification,post_maneuver_type,lightgbm,driver,6.0,,5,0.3425,0.3255,0.5437,208.2,,
per_lead,can,regression,post_max_abs_steer_torque,lightgbm,driver,6.0,,5,,,,204.2,280.3732,0.5632
per_lead,both,classification,post_maneuver_type,lightgbm,driver,6.0,,5,0.3226,0.2985,0.5332,208.2,,
per_lead,both,regression,post_max_abs_steer_torque,lightgbm,driver,6.0,,5,,,,204.2,288.2443,0.5376
per_lead,can,classification,post_maneuver_type,lightgbm,driver,6.5,,5,0.3125,0.2918,0.5207,208.2,,
per_lead,can,regression,post_max_abs_steer_torque,lightgbm,driver,6.5,,5,,,,204.2,287.736,0.5417
per_lead,both,classification,post_maneuver_type,lightgbm,driver,6.5,,5,0.3152,0.2976,0.5111,208.2,,
per_lead,both,regression,post_max_abs_steer_torque,lightgbm,driver,6.5,,5,,,,204.2,287.2635,0.5335
full,light,classification,post_maneuver_type,lightgbm,driver,,69.0,5,0.3354,0.3055,0.539,2914.8,,
full,light,classification,post_maneuver_type,tabpfn,driver,,69.0,5,0.3062,0.2496,0.2971,2914.8,,
full,light,regression,post_max_abs_steer_torque,lightgbm,driver,,69.0,5,,,,2858.8,265.1159,0.5458
full,light,regression,post_max_abs_steer_torque,tabpfn,driver,,69.0,5,,,,2858.8,225.4756,0.6384
full,light,regression,post_max_abs_jerk_mps3,lightgbm,driver,,69.0,5,,,,2858.8,2.5375,-0.2909
full,light,regression,post_max_abs_jerk_mps3,tabpfn,driver,,69.0,5,,,,2858.8,2.2958,-0.009
full,light,classification,post_maneuver_type,lightgbm,brand,,,21,0.467,0.3844,0.5773,694.0,,
full,light,classification,post_maneuver_type,tabpfn,brand,,,21,0.2868,0.2253,0.3043,694.0,,
per_lead,light,classification,post_maneuver_type,lightgbm,driver,-0.0,,5,0.3735,0.3723,0.5754,208.2,,
per_lead,light,classification,post_maneuver_type,tabpfn,driver,-0.0,,5,0.2712,0.2332,0.2711,208.2,,
per_lead,light,regression,post_max_abs_steer_torque,lightgbm,driver,-0.0,,5,,,,204.2,253.158,0.6228
per_lead,light,regression,post_max_abs_steer_torque,tabpfn,driver,-0.0,,5,,,,204.2,203.9327,0.7044
per_lead,light,classification,post_maneuver_type,lightgbm,driver,0.5,,5,0.3638,0.3557,0.5745,208.2,,
per_lead,light,classification,post_maneuver_type,tabpfn,driver,0.5,,5,0.2563,0.2168,0.2596,208.2,,
per_lead,light,regression,post_max_abs_steer_torque,lightgbm,driver,0.5,,5,,,,204.2,276.6772,0.5523
per_lead,light,regression,post_max_abs_steer_torque,tabpfn,driver,0.5,,5,,,,204.2,225.8086,0.6472
per_lead,light,classification,post_maneuver_type,lightgbm,driver,1.0,,5,0.3653,0.3529,0.5764,208.2,,
per_lead,light,classification,post_maneuver_type,tabpfn,driver,1.0,,5,0.2622,0.231,0.2624,208.2,,
per_lead,light,regression,post_max_abs_steer_torque,lightgbm,driver,1.0,,5,,,,204.2,278.9728,0.5524
per_lead,light,regression,post_max_abs_steer_torque,tabpfn,driver,1.0,,5,,,,204.2,239.5329,0.6093
per_lead,light,classification,post_maneuver_type,lightgbm,driver,1.5,,5,0.3698,0.3588,0.5773,208.2,,
per_lead,light,classification,post_maneuver_type,tabpfn,driver,1.5,,5,0.2477,0.2179,0.2471,208.2,,
per_lead,light,regression,post_max_abs_steer_torque,lightgbm,driver,1.5,,5,,,,204.2,283.3699,0.5371
per_lead,light,regression,post_max_abs_steer_torque,tabpfn,driver,1.5,,5,,,,204.2,240.9114,0.6094
per_lead,light,classification,post_maneuver_type,lightgbm,driver,2.0,,5,0.345,0.323,0.5648,208.2,,
per_lead,light,classification,post_maneuver_type,tabpfn,driver,2.0,,5,0.2405,0.2135,0.2518,208.2,,
per_lead,light,regression,post_max_abs_steer_torque,lightgbm,driver,2.0,,5,,,,204.2,286.8285,0.5351
per_lead,light,regression,post_max_abs_steer_torque,tabpfn,driver,2.0,,5,,,,204.2,240.2523,0.6064
per_lead,light,classification,post_maneuver_type,lightgbm,driver,2.5,,5,0.3428,0.3216,0.56,208.2,,
per_lead,light,classification,post_maneuver_type,tabpfn,driver,2.5,,5,0.2264,0.2039,0.2422,208.2,,
per_lead,light,regression,post_max_abs_steer_torque,lightgbm,driver,2.5,,5,,,,204.2,275.9587,0.5782
per_lead,light,regression,post_max_abs_steer_torque,tabpfn,driver,2.5,,5,,,,204.2,241.2275,0.6092
per_lead,light,classification,post_maneuver_type,lightgbm,driver,3.0,,5,0.349,0.3353,0.5591,208.2,,
per_lead,light,classification,post_maneuver_type,tabpfn,driver,3.0,,5,0.2211,0.1957,0.2288,208.2,,
per_lead,light,regression,post_max_abs_steer_torque,lightgbm,driver,3.0,,5,,,,204.2,279.1831,0.564
per_lead,light,regression,post_max_abs_steer_torque,tabpfn,driver,3.0,,5,,,,204.2,246.407,0.5928
per_lead,light,classification,post_maneuver_type,lightgbm,driver,3.5,,5,0.3578,0.3437,0.5744,208.2,,
per_lead,light,classification,post_maneuver_type,tabpfn,driver,3.5,,5,0.2417,0.2101,0.2451,208.2,,
per_lead,light,regression,post_max_abs_steer_torque,lightgbm,driver,3.5,,5,,,,204.2,292.8233,0.5147
per_lead,light,regression,post_max_abs_steer_torque,tabpfn,driver,3.5,,5,,,,204.2,247.7833,0.5756
per_lead,light,classification,post_maneuver_type,lightgbm,driver,4.0,,5,0.3381,0.3185,0.5505,208.2,,
per_lead,light,classification,post_maneuver_type,tabpfn,driver,4.0,,5,0.2549,0.2152,0.248,208.2,,
per_lead,light,regression,post_max_abs_steer_torque,lightgbm,driver,4.0,,5,,,,204.2,286.2628,0.5405
per_lead,light,regression,post_max_abs_steer_torque,tabpfn,driver,4.0,,5,,,,204.2,247.9369,0.5777
per_lead,light,classification,post_maneuver_type,lightgbm,driver,4.5,,5,0.327,0.3064,0.5389,208.2,,
per_lead,light,classification,post_maneuver_type,tabpfn,driver,4.5,,5,0.2536,0.2079,0.2326,208.2,,
per_lead,light,regression,post_max_abs_steer_torque,lightgbm,driver,4.5,,5,,,,204.2,295.4362,0.5179
per_lead,light,regression,post_max_abs_steer_torque,tabpfn,driver,4.5,,5,,,,204.2,251.3335,0.561
per_lead,light,classification,post_maneuver_type,lightgbm,driver,5.0,,5,0.3285,0.3128,0.5284,208.2,,
per_lead,light,classification,post_maneuver_type,tabpfn,driver,5.0,,5,0.2331,0.1996,0.2221,208.2,,
per_lead,light,regression,post_max_abs_steer_torque,lightgbm,driver,5.0,,5,,,,204.2,299.9439,0.5113
per_lead,light,regression,post_max_abs_steer_torque,tabpfn,driver,5.0,,5,,,,204.2,247.4342,0.5758
per_lead,light,classification,post_maneuver_type,lightgbm,driver,5.5,,5,0.3224,0.3015,0.5283,208.2,,
per_lead,light,classification,post_maneuver_type,tabpfn,driver,5.5,,5,0.1841,0.1666,0.1865,208.2,,
per_lead,light,regression,post_max_abs_steer_torque,lightgbm,driver,5.5,,5,,,,204.2,310.2461,0.473
per_lead,light,regression,post_max_abs_steer_torque,tabpfn,driver,5.5,,5,,,,204.2,250.9674,0.567
per_lead,light,classification,post_maneuver_type,lightgbm,driver,6.0,,5,0.3374,0.3198,0.5389,208.2,,
per_lead,light,classification,post_maneuver_type,tabpfn,driver,6.0,,5,0.1864,0.1636,0.1826,208.2,,
per_lead,light,regression,post_max_abs_steer_torque,lightgbm,driver,6.0,,5,,,,204.2,289.2172,0.5367
per_lead,light,regression,post_max_abs_steer_torque,tabpfn,driver,6.0,,5,,,,204.2,253.1552,0.5616
per_lead,light,classification,post_maneuver_type,lightgbm,driver,6.5,,5,0.3212,0.3003,0.5274,208.2,,
per_lead,light,classification,post_maneuver_type,tabpfn,driver,6.5,,5,0.1869,0.1641,0.1788,208.2,,
per_lead,light,regression,post_max_abs_steer_torque,lightgbm,driver,6.5,,5,,,,204.2,290.1849,0.5271
per_lead,light,regression,post_max_abs_steer_torque,tabpfn,driver,6.5,,5,,,,204.2,250.2319,0.5685
