lead_s,n,both|lightgbm|balanced_acc,both|lightgbm|macro_f1,both|lightgbm|steer_r2,both|lightgbm|steer_mae,both|tabpfn|balanced_acc,both|tabpfn|macro_f1,both|tabpfn|steer_r2,both|tabpfn|steer_mae,can|lightgbm|balanced_acc,can|lightgbm|macro_f1,can|lightgbm|steer_r2,can|lightgbm|steer_mae,can|tabpfn|balanced_acc,can|tabpfn|macro_f1,can|tabpfn|steer_r2,can|tabpfn|steer_mae,light|lightgbm|balanced_acc,light|lightgbm|macro_f1,light|lightgbm|steer_r2,light|lightgbm|steer_mae,light|tabpfn|balanced_acc,light|tabpfn|macro_f1,light|tabpfn|steer_r2,light|tabpfn|steer_mae
-0.0,1041,0.3828223504199638,0.3786693169267508,0.6397475006268939,250.27365519436935,0.26999530110660697,0.24821950889230976,0.7036320578877258,203.61276834687996,0.371653631460488,0.36854908774482986,0.6366852938056595,247.94726834898657,0.26640198772664125,0.23111495212244249,0.6972907508175099,207.02478056124818,0.3735293032132241,0.37226951086587085,0.6227647100701594,253.15800973596293,0.27119056272832887,0.2331849618475998,0.7044340481066632,203.93274916090638
0.5,1041,0.36294163169724053,0.35203549644316706,0.523101331375545,287.26641240576544,0.2717275518680441,0.24342380548623632,0.6306897528261866,232.20655930176818,0.3687982360680956,0.35495841265710426,0.5762461099763423,268.70824978485535,0.2554596975730714,0.21767253501436118,0.6365479288274767,229.20829397491184,0.3638402217612583,0.35570239165567785,0.552327848478318,276.67718651384615,0.2562589323106691,0.21679810978801717,0.647176976197328,225.8086093677517
1.0,1041,0.36298878737477996,0.35225943779519564,0.5660176595790116,275.7174808004986,0.26006508360587555,0.23897305049564097,0.6103518480755292,238.80806316510592,0.35824523038232226,0.3440062942304367,0.5791086827933571,272.02479362884435,0.24884777503895208,0.21940334988768062,0.6037392929071255,241.35338852244678,0.3652811814462771,0.35286706453229044,0.552432283429982,278.97276130377156,0.2621898828396314,0.23099783835097645,0.6092735988189958,239.53288601135947
1.5,1041,0.3502701761444437,0.3262142980136035,0.5239509776433385,290.72432996761506,0.25628347527687073,0.2328511612190975,0.6122728713123665,238.58927371906012,0.3598892895953966,0.34560823549099295,0.5588459351827172,277.5606192070148,0.24476620788996878,0.2142287900928635,0.6086971398844218,240.2995792628401,0.36976163419143926,0.3588195246257214,0.5371214197283277,283.3699488979038,0.24768885238787952,0.21785006665641013,0.6093845580319165,240.91139314463126
2.0,1041,0.35240432665980226,0.33763544734587764,0.5388362538450836,288.18007122284473,0.24850986740667888,0.22477885301315945,0.6060909328934396,239.6800988919405,0.3459481362469078,0.32578241770292093,0.5530139078714027,280.74803163685516,0.2364227417559265,0.20692388417735463,0.6050564440329091,239.70493313559322,0.34497674346545815,0.3229674961148969,0.5351364401813488,286.8284983850026,0.2405143077596931,0.21352262861920593,0.6063545679168081,240.25231794925912
2.5,1041,0.3635631402692916,0.3481248402920694,0.5637908271002847,283.0241903703844,0.24272654391930892,0.21950853260546568,0.6141959832749587,239.66796947490985,0.34093206564830664,0.32137422396813015,0.5874685581828494,274.1666435931217,0.23231506319974385,0.199854683597688,0.6168756295596721,237.96070186826492,0.34283573420501695,0.32160200270347017,0.5782001327243556,275.9587055763447,0.22641559680478568,0.20388401673835993,0.6092207371855782,241.22752326600659
3.0,1041,0.3453019912707304,0.32565019663023687,0.5558315518739888,278.00111175758536,0.24318727348563512,0.21669107202894464,0.5964073934408519,246.6397938356276,0.3413060600024921,0.3238247176472441,0.5912688358208492,270.33811224191106,0.22931034995740607,0.20040041882862272,0.6056865629057138,242.4921401123748,0.3490015851455926,0.33528038389027964,0.5640280184912142,279.18307090961446,0.22109670838080478,0.1957499262288305,0.5927873394130259,246.40695435139727
3.5,1041,0.35996774237272744,0.34577751116854905,0.5081708787201846,292.6350597638709,0.24935968258441074,0.2227124882982185,0.5804727645981844,247.5174854692018,0.3517294836005192,0.33353300634116734,0.5345454778658716,283.8025448231574,0.249695486553614,0.20815231877864887,0.5857644654444032,244.6877153226611,0.3578443486791634,0.34369167313059146,0.514660226255292,292.8232680612297,0.24169250692873462,0.21014380350251521,0.5756193864270135,247.78334105750733
4.0,1041,0.3371174216976246,0.31104015995038464,0.5352846625030289,287.2756622708703,0.24407972795913374,0.21733268314641485,0.5800256569641963,248.237621235819,0.33696947596677507,0.3191211151584567,0.5679211919819471,276.07723246634225,0.26773173251007154,0.2261383079630949,0.5885696101387639,244.53971638703769,0.3381403369239796,0.3185286565798182,0.5405021775864615,286.26275410345016,0.25487073049039066,0.2152389350783182,0.5776611356301181,247.93694046469045
4.5,1041,0.34963828080233494,0.33543986155549416,0.5033598902541228,298.56783585522123,0.22536096381702228,0.20634676779371727,0.5701308191946979,249.64770521267982,0.33239577937877185,0.31522400383126564,0.5402548322689935,287.4806927090265,0.2484979377959803,0.20078664397120155,0.565706596091533,250.90868737849172,0.32704787854676953,0.30640006965067074,0.517947407331329,295.4361767206994,0.2536113260234863,0.20785316602781814,0.5610262987040248,251.33350670980195
5.0,1041,0.3455545953096849,0.3247180269522804,0.5055417962446385,298.9065050431976,0.22810428348769035,0.20760295003196244,0.5817938130674175,246.7215503119251,0.3296717594239348,0.3134269415105924,0.516209290344755,296.3244173594017,0.2228072432179689,0.1844588367699423,0.5884677596565056,244.34396055585913,0.3284759599035157,0.3127765896781282,0.5112777951073646,299.94392264882083,0.2330884813467357,0.19958595856253708,0.5757635493114143,247.43423606383112
5.5,1041,0.3346965050180928,0.312227558141016,0.4811035495552424,306.4555117570939,0.2179726099505801,0.2025904051763922,0.5612026322208206,252.96563258826467,0.3267673277984962,0.3094415910886044,0.48610915256207254,305.89015796464713,0.1960420417918492,0.16968501893863555,0.5739824319645168,249.45512800823616,0.3223732553905526,0.3015264852672653,0.47299401474456193,310.24607247308677,0.18409264158886393,0.1665663373079039,0.5670284820425279,250.9673765064627
6.0,1041,0.3225534358622997,0.2984847022532935,0.5375963449945959,288.24432540744795,0.24533439843699253,0.21349437838282914,0.5619058898423227,253.8844884209122,0.34250606184900534,0.32548035795997343,0.5631573530989659,280.37321691196394,0.1867402292747568,0.16588714562058918,0.571871900476679,250.7478869961962,0.337435077048654,0.3197555550767396,0.5367184994182375,289.21720334417256,0.18642919443080444,0.1635956733524618,0.5616080299629101,253.15524579842673
6.5,1041,0.315191324958772,0.2976483331465537,0.5334640282366745,287.263471346757,0.22548610464470076,0.19641977770811397,0.57169269800715,249.1317954375364,0.312498620700459,0.2918100049092277,0.54168058175172,287.73596999118604,0.185779510386551,0.16073382071017334,0.5682604334381548,251.16807320011472,0.3211852626174053,0.30026314875280724,0.5270595669903104,290.1848959621792,0.18688323741624271,0.16409275085811342,0.568524478035629,250.2318958231534
