lead_s,model,n,balanced_acc,macro_f1,steer_torque_r2,steer_torque_mae
-0.0,logistic,1041,0.3729,0.3149,-0.7625,313.88
-0.0,lightgbm,1041,0.3717,0.3685,0.6367,247.95
-0.0,tabpfn,1041,0.2664,0.2311,0.6973,207.02
0.5,logistic,1041,0.3622,0.2998,0.3079,321.1
0.5,lightgbm,1041,0.3688,0.355,0.5762,268.71
0.5,tabpfn,1041,0.2555,0.2177,0.6365,229.21
1.0,logistic,1041,0.3642,0.3101,0.5162,318.69
1.0,lightgbm,1041,0.3582,0.344,0.5791,272.02
1.0,tabpfn,1041,0.2488,0.2194,0.6037,241.35
1.5,logistic,1041,0.3387,0.2876,0.5287,315.52
1.5,lightgbm,1041,0.3599,0.3456,0.5588,277.56
1.5,tabpfn,1041,0.2448,0.2142,0.6087,240.3
2.0,logistic,1041,0.3512,0.2994,0.5443,314.18
2.0,lightgbm,1041,0.3459,0.3258,0.553,280.75
2.0,tabpfn,1041,0.2364,0.2069,0.6051,239.7
2.5,logistic,1041,0.3449,0.3012,0.5579,309.52
2.5,lightgbm,1041,0.3409,0.3214,0.5875,274.17
2.5,tabpfn,1041,0.2323,0.1999,0.6169,237.96
3.0,logistic,1041,0.354,0.3077,0.5413,316.16
3.0,lightgbm,1041,0.3413,0.3238,0.5913,270.34
3.0,tabpfn,1041,0.2293,0.2004,0.6057,242.49
3.5,logistic,1041,0.3557,0.3092,0.5318,316.15
3.5,lightgbm,1041,0.3517,0.3335,0.5345,283.8
3.5,tabpfn,1041,0.2497,0.2082,0.5858,244.69
4.0,logistic,1041,0.3565,0.3139,0.5296,318.43
4.0,lightgbm,1041,0.337,0.3191,0.5679,276.08
4.0,tabpfn,1041,0.2677,0.2261,0.5886,244.54
4.5,logistic,1041,0.3533,0.3091,0.5174,319.7
4.5,lightgbm,1041,0.3324,0.3152,0.5403,287.48
4.5,tabpfn,1041,0.2485,0.2008,0.5657,250.91
5.0,logistic,1041,0.3426,0.287,0.521,322.69
5.0,lightgbm,1041,0.3297,0.3134,0.5162,296.32
5.0,tabpfn,1041,0.2228,0.1845,0.5885,244.34
5.5,logistic,1041,0.3272,0.2641,0.5238,314.45
5.5,lightgbm,1041,0.3268,0.3094,0.4861,305.89
5.5,tabpfn,1041,0.196,0.1697,0.574,249.46
6.0,logistic,1041,0.3262,0.2534,0.5364,312.53
6.0,lightgbm,1041,0.3425,0.3255,0.5632,280.37
6.0,tabpfn,1041,0.1867,0.1659,0.5719,250.75
6.5,logistic,1041,0.333,0.248,0.5526,304.46
6.5,lightgbm,1041,0.3125,0.2918,0.5417,287.74
6.5,tabpfn,1041,0.1858,0.1607,0.5683,251.17
