split,model,class,precision,recall,f1,support
driver,logistic,stabilize,0.6381,0.563,0.5982,476
driver,logistic,lane_change,0.648,0.5534,0.597,356
driver,logistic,braking,0.2864,0.4065,0.336,155
driver,logistic,acceleration,0.2347,0.4182,0.3007,55
driver,logistic,other,0.0,0.0,0.0,1
driver,lightgbm,stabilize,0.6492,0.8319,0.7293,476
driver,lightgbm,lane_change,0.7088,0.677,0.6925,356
driver,lightgbm,braking,0.5067,0.2452,0.3304,155
driver,lightgbm,acceleration,0.4444,0.1455,0.2192,55
driver,lightgbm,other,0.0,0.0,0.0,1
driver,tabpfn,stabilize,0.7658,0.4328,0.553,476
driver,tabpfn,lane_change,0.6612,0.2247,0.3354,356
driver,tabpfn,braking,0.3389,0.3935,0.3642,155
driver,tabpfn,acceleration,0.246,0.5636,0.3425,55
driver,tabpfn,other,0.0,0.0,0.0,1
brand,logistic,stabilize,0.6784,0.6071,0.6408,476
brand,logistic,lane_change,0.6708,0.6011,0.6341,356
brand,logistic,braking,0.315,0.4065,0.3549,155
brand,logistic,acceleration,0.2653,0.4727,0.3399,55
brand,logistic,other,0.0,0.0,0.0,1
brand,lightgbm,stabilize,0.6621,0.8067,0.7273,476
brand,lightgbm,lane_change,0.6893,0.6854,0.6873,356
brand,lightgbm,braking,0.4778,0.2774,0.351,155
brand,lightgbm,acceleration,0.3684,0.1273,0.1892,55
brand,lightgbm,other,0.0,0.0,0.0,1
brand,tabpfn,stabilize,0.7707,0.4307,0.5526,476
brand,tabpfn,lane_change,0.7143,0.1545,0.254,356
brand,tabpfn,braking,0.3602,0.3742,0.3671,155
brand,tabpfn,acceleration,0.2406,0.5818,0.3404,55
brand,tabpfn,other,0.0,0.0,0.0,1
