scope,split,lead_s,task,target,model,metric,can,both,delta
full,driver,,classification,post_maneuver_type,tabpfn,balanced_acc,0.3004,0.2997,-0.0007
full,driver,,classification,post_maneuver_type,tabpfn,macro_f1,0.2441,0.2558,0.0117
full,driver,,regression,post_max_abs_steer_torque,tabpfn,r2,0.6394,0.6456,0.0062
full,driver,,regression,post_max_abs_steer_torque,tabpfn,mae,223.081,220.5542,-2.5268
full,driver,,regression,post_max_abs_jerk_mps3,tabpfn,r2,0.0003,0.0028,0.0025
full,driver,,regression,post_max_abs_jerk_mps3,tabpfn,mae,2.2929,2.2947,0.0018
brand,brand,,classification,post_maneuver_type,tabpfn,balanced_acc,0.283,0.2839,0.0009
brand,brand,,classification,post_maneuver_type,tabpfn,macro_f1,0.2204,0.2226,0.0022
lead,driver,-0.0,classification,post_maneuver_type,tabpfn,balanced_acc,0.2664,0.2717,0.0053
lead,driver,-0.0,classification,post_maneuver_type,tabpfn,macro_f1,0.2311,0.2368,0.0057
lead,driver,-0.0,regression,post_max_abs_steer_torque,tabpfn,r2,0.6973,0.6959,-0.0014
lead,driver,-0.0,regression,post_max_abs_steer_torque,tabpfn,mae,207.0248,206.2218,-0.803
lead,driver,0.5,classification,post_maneuver_type,tabpfn,balanced_acc,0.2555,0.2656,0.0101
lead,driver,0.5,classification,post_maneuver_type,tabpfn,macro_f1,0.2177,0.2373,0.0196
lead,driver,0.5,regression,post_max_abs_steer_torque,tabpfn,r2,0.6365,0.636,-0.0006
lead,driver,0.5,regression,post_max_abs_steer_torque,tabpfn,mae,229.2083,230.5901,1.3819
lead,driver,1.0,classification,post_maneuver_type,tabpfn,balanced_acc,0.2488,0.2416,-0.0073
lead,driver,1.0,classification,post_maneuver_type,tabpfn,macro_f1,0.2194,0.2206,0.0012
lead,driver,1.0,regression,post_max_abs_steer_torque,tabpfn,r2,0.6037,0.5985,-0.0052
lead,driver,1.0,regression,post_max_abs_steer_torque,tabpfn,mae,241.3534,242.2021,0.8487
lead,driver,1.5,classification,post_maneuver_type,tabpfn,balanced_acc,0.2448,0.2441,-0.0007
lead,driver,1.5,classification,post_maneuver_type,tabpfn,macro_f1,0.2142,0.2169,0.0026
lead,driver,1.5,regression,post_max_abs_steer_torque,tabpfn,r2,0.6087,0.6029,-0.0058
lead,driver,1.5,regression,post_max_abs_steer_torque,tabpfn,mae,240.2996,242.0298,1.7302
lead,driver,2.0,classification,post_maneuver_type,tabpfn,balanced_acc,0.2364,0.2358,-0.0006
lead,driver,2.0,classification,post_maneuver_type,tabpfn,macro_f1,0.2069,0.2073,0.0003
lead,driver,2.0,regression,post_max_abs_steer_torque,tabpfn,r2,0.6051,0.5882,-0.0169
lead,driver,2.0,regression,post_max_abs_steer_torque,tabpfn,mae,239.7049,245.9638,6.2589
lead,driver,2.5,classification,post_maneuver_type,tabpfn,balanced_acc,0.2323,0.2224,-0.0099
lead,driver,2.5,classification,post_maneuver_type,tabpfn,macro_f1,0.1999,0.1984,-0.0015
lead,driver,2.5,regression,post_max_abs_steer_torque,tabpfn,r2,0.6169,0.6012,-0.0157
lead,driver,2.5,regression,post_max_abs_steer_torque,tabpfn,mae,237.9607,243.8551,5.8944
lead,driver,3.0,classification,post_maneuver_type,tabpfn,balanced_acc,0.2293,0.2334,0.0041
lead,driver,3.0,classification,post_maneuver_type,tabpfn,macro_f1,0.2004,0.2081,0.0077
lead,driver,3.0,regression,post_max_abs_steer_torque,tabpfn,r2,0.6057,0.5922,-0.0135
lead,driver,3.0,regression,post_max_abs_steer_torque,tabpfn,mae,242.4921,247.5787,5.0866
lead,driver,3.5,classification,post_maneuver_type,tabpfn,balanced_acc,0.2497,0.2217,-0.028
lead,driver,3.5,classification,post_maneuver_type,tabpfn,macro_f1,0.2082,0.1969,-0.0113
lead,driver,3.5,regression,post_max_abs_steer_torque,tabpfn,r2,0.5858,0.5746,-0.0111
lead,driver,3.5,regression,post_max_abs_steer_torque,tabpfn,mae,244.6877,249.0507,4.363
lead,driver,4.0,classification,post_maneuver_type,tabpfn,balanced_acc,0.2677,0.2382,-0.0296
lead,driver,4.0,classification,post_maneuver_type,tabpfn,macro_f1,0.2261,0.2061,-0.0201
lead,driver,4.0,regression,post_max_abs_steer_torque,tabpfn,r2,0.5886,0.5827,-0.0058
lead,driver,4.0,regression,post_max_abs_steer_torque,tabpfn,mae,244.5397,246.878,2.3383
lead,driver,4.5,classification,post_maneuver_type,tabpfn,balanced_acc,0.2485,0.2371,-0.0114
lead,driver,4.5,classification,post_maneuver_type,tabpfn,macro_f1,0.2008,0.2104,0.0096
lead,driver,4.5,regression,post_max_abs_steer_torque,tabpfn,r2,0.5657,0.5563,-0.0094
lead,driver,4.5,regression,post_max_abs_steer_torque,tabpfn,mae,250.9087,253.6335,2.7248
lead,driver,5.0,classification,post_maneuver_type,tabpfn,balanced_acc,0.2228,0.2069,-0.0159
lead,driver,5.0,classification,post_maneuver_type,tabpfn,macro_f1,0.1845,0.1944,0.0099
lead,driver,5.0,regression,post_max_abs_steer_torque,tabpfn,r2,0.5885,0.5701,-0.0184
lead,driver,5.0,regression,post_max_abs_steer_torque,tabpfn,mae,244.344,249.9829,5.6389
lead,driver,5.5,classification,post_maneuver_type,tabpfn,balanced_acc,0.196,0.183,-0.0131
lead,driver,5.5,classification,post_maneuver_type,tabpfn,macro_f1,0.1697,0.1698,0.0001
lead,driver,5.5,regression,post_max_abs_steer_torque,tabpfn,r2,0.574,0.5572,-0.0168
lead,driver,5.5,regression,post_max_abs_steer_torque,tabpfn,mae,249.4551,254.2452,4.79
lead,driver,6.0,classification,post_maneuver_type,tabpfn,balanced_acc,0.1867,0.2002,0.0135
lead,driver,6.0,classification,post_maneuver_type,tabpfn,macro_f1,0.1659,0.1837,0.0178
lead,driver,6.0,regression,post_max_abs_steer_torque,tabpfn,r2,0.5719,0.5582,-0.0137
lead,driver,6.0,regression,post_max_abs_steer_torque,tabpfn,mae,250.7479,254.6624,3.9145
lead,driver,6.5,classification,post_maneuver_type,tabpfn,balanced_acc,0.1858,0.1908,0.005
lead,driver,6.5,classification,post_maneuver_type,tabpfn,macro_f1,0.1607,0.168,0.0073
lead,driver,6.5,regression,post_max_abs_steer_torque,tabpfn,r2,0.5683,0.5643,-0.0039
lead,driver,6.5,regression,post_max_abs_steer_torque,tabpfn,mae,251.1681,251.8219,0.6539
full,driver,,classification,post_maneuver_type,logistic,balanced_acc,0.3519,0.3419,-0.01
full,driver,,classification,post_maneuver_type,logistic,macro_f1,0.2749,0.2859,0.011
full,driver,,classification,post_maneuver_type,lightgbm,balanced_acc,0.335,0.3338,-0.0012
full,driver,,classification,post_maneuver_type,lightgbm,macro_f1,0.306,0.2885,-0.0175
full,driver,,regression,post_max_abs_steer_torque,logistic,r2,0.5442,0.5276,-0.0166
full,driver,,regression,post_max_abs_steer_torque,logistic,mae,309.6559,322.4744,12.8185
full,driver,,regression,post_max_abs_steer_torque,lightgbm,r2,0.5141,0.5714,0.0573
full,driver,,regression,post_max_abs_steer_torque,lightgbm,mae,273.601,255.1866,-18.4144
full,driver,,regression,post_max_abs_jerk_mps3,logistic,r2,-0.5856,-0.6302,-0.0446
full,driver,,regression,post_max_abs_jerk_mps3,logistic,mae,2.4062,2.4453,0.0391
full,driver,,regression,post_max_abs_jerk_mps3,lightgbm,r2,-0.2818,-0.2908,-0.0091
full,driver,,regression,post_max_abs_jerk_mps3,lightgbm,mae,2.5233,2.5186,-0.0046
brand,brand,,classification,post_maneuver_type,logistic,balanced_acc,0.3976,0.4045,0.007
brand,brand,,classification,post_maneuver_type,logistic,macro_f1,0.3145,0.3209,0.0064
brand,brand,,classification,post_maneuver_type,lightgbm,balanced_acc,0.4742,0.4092,-0.065
brand,brand,,classification,post_maneuver_type,lightgbm,macro_f1,0.4118,0.3583,-0.0535
lead,driver,-0.0,classification,post_maneuver_type,logistic,balanced_acc,0.3729,0.3679,-0.005
lead,driver,-0.0,classification,post_maneuver_type,logistic,macro_f1,0.3149,0.3129,-0.002
lead,driver,-0.0,classification,post_maneuver_type,lightgbm,balanced_acc,0.3717,0.3891,0.0174
lead,driver,-0.0,classification,post_maneuver_type,lightgbm,macro_f1,0.3685,0.3847,0.0161
lead,driver,-0.0,regression,post_max_abs_steer_torque,logistic,r2,-0.7625,-0.8025,-0.0401
lead,driver,-0.0,regression,post_max_abs_steer_torque,logistic,mae,313.8804,325.2009,11.3205
lead,driver,-0.0,regression,post_max_abs_steer_torque,lightgbm,r2,0.6367,0.6226,-0.0141
lead,driver,-0.0,regression,post_max_abs_steer_torque,lightgbm,mae,247.9473,255.9361,7.9888
lead,driver,0.5,classification,post_maneuver_type,logistic,balanced_acc,0.3622,0.3374,-0.0248
lead,driver,0.5,classification,post_maneuver_type,logistic,macro_f1,0.2998,0.295,-0.0048
lead,driver,0.5,classification,post_maneuver_type,lightgbm,balanced_acc,0.3688,0.3637,-0.0051
lead,driver,0.5,classification,post_maneuver_type,lightgbm,macro_f1,0.355,0.3505,-0.0045
lead,driver,0.5,regression,post_max_abs_steer_torque,logistic,r2,0.3079,0.3332,0.0252
lead,driver,0.5,regression,post_max_abs_steer_torque,logistic,mae,321.1046,337.5759,16.4713
lead,driver,0.5,regression,post_max_abs_steer_torque,lightgbm,r2,0.5762,0.563,-0.0132
lead,driver,0.5,regression,post_max_abs_steer_torque,lightgbm,mae,268.7082,273.836,5.1278
lead,driver,1.0,classification,post_maneuver_type,logistic,balanced_acc,0.3642,0.3629,-0.0013
lead,driver,1.0,classification,post_maneuver_type,logistic,macro_f1,0.3101,0.3153,0.0052
lead,driver,1.0,classification,post_maneuver_type,lightgbm,balanced_acc,0.3582,0.3471,-0.0112
lead,driver,1.0,classification,post_maneuver_type,lightgbm,macro_f1,0.344,0.3307,-0.0133
lead,driver,1.0,regression,post_max_abs_steer_torque,logistic,r2,0.5162,0.511,-0.0052
lead,driver,1.0,regression,post_max_abs_steer_torque,logistic,mae,318.69,333.5041,14.8141
lead,driver,1.0,regression,post_max_abs_steer_torque,lightgbm,r2,0.5791,0.5547,-0.0244
lead,driver,1.0,regression,post_max_abs_steer_torque,lightgbm,mae,272.0248,278.5154,6.4906
lead,driver,1.5,classification,post_maneuver_type,logistic,balanced_acc,0.3387,0.3274,-0.0114
lead,driver,1.5,classification,post_maneuver_type,logistic,macro_f1,0.2876,0.3088,0.0212
lead,driver,1.5,classification,post_maneuver_type,lightgbm,balanced_acc,0.3599,0.3547,-0.0052
lead,driver,1.5,classification,post_maneuver_type,lightgbm,macro_f1,0.3456,0.3329,-0.0127
lead,driver,1.5,regression,post_max_abs_steer_torque,logistic,r2,0.5287,0.49,-0.0386
lead,driver,1.5,regression,post_max_abs_steer_torque,logistic,mae,315.5174,330.4473,14.9299
lead,driver,1.5,regression,post_max_abs_steer_torque,lightgbm,r2,0.5588,0.5398,-0.0191
lead,driver,1.5,regression,post_max_abs_steer_torque,lightgbm,mae,277.5606,282.175,4.6143
lead,driver,2.0,classification,post_maneuver_type,logistic,balanced_acc,0.3512,0.3443,-0.0069
lead,driver,2.0,classification,post_maneuver_type,logistic,macro_f1,0.2994,0.3105,0.0111
lead,driver,2.0,classification,post_maneuver_type,lightgbm,balanced_acc,0.3459,0.347,0.0011
lead,driver,2.0,classification,post_maneuver_type,lightgbm,macro_f1,0.3258,0.3269,0.0011
lead,driver,2.0,regression,post_max_abs_steer_torque,logistic,r2,0.5443,0.5323,-0.012
lead,driver,2.0,regression,post_max_abs_steer_torque,logistic,mae,314.1849,328.8839,14.699
lead,driver,2.0,regression,post_max_abs_steer_torque,lightgbm,r2,0.553,0.538,-0.015
lead,driver,2.0,regression,post_max_abs_steer_torque,lightgbm,mae,280.748,287.633,6.885
lead,driver,2.5,classification,post_maneuver_type,logistic,balanced_acc,0.3449,0.3425,-0.0025
lead,driver,2.5,classification,post_maneuver_type,logistic,macro_f1,0.3012,0.3098,0.0087
lead,driver,2.5,classification,post_maneuver_type,lightgbm,balanced_acc,0.3409,0.3548,0.0139
lead,driver,2.5,classification,post_maneuver_type,lightgbm,macro_f1,0.3214,0.3389,0.0175
lead,driver,2.5,regression,post_max_abs_steer_torque,logistic,r2,0.5579,0.5518,-0.0061
lead,driver,2.5,regression,post_max_abs_steer_torque,logistic,mae,309.5187,320.5364,11.0177
lead,driver,2.5,regression,post_max_abs_steer_torque,lightgbm,r2,0.5875,0.5753,-0.0121
lead,driver,2.5,regression,post_max_abs_steer_torque,lightgbm,mae,274.1666,276.137,1.9703
lead,driver,3.0,classification,post_maneuver_type,logistic,balanced_acc,0.354,0.3273,-0.0267
lead,driver,3.0,classification,post_maneuver_type,logistic,macro_f1,0.3077,0.3078,0.0002
lead,driver,3.0,classification,post_maneuver_type,lightgbm,balanced_acc,0.3413,0.3495,0.0082
lead,driver,3.0,classification,post_maneuver_type,lightgbm,macro_f1,0.3238,0.3301,0.0063
lead,driver,3.0,regression,post_max_abs_steer_torque,logistic,r2,0.5413,0.534,-0.0073
lead,driver,3.0,regression,post_max_abs_steer_torque,logistic,mae,316.1637,328.433,12.2693
lead,driver,3.0,regression,post_max_abs_steer_torque,lightgbm,r2,0.5913,0.5748,-0.0165
lead,driver,3.0,regression,post_max_abs_steer_torque,lightgbm,mae,270.3381,271.4232,1.0851
lead,driver,3.5,classification,post_maneuver_type,logistic,balanced_acc,0.3557,0.3406,-0.0151
lead,driver,3.5,classification,post_maneuver_type,logistic,macro_f1,0.3092,0.3167,0.0074
lead,driver,3.5,classification,post_maneuver_type,lightgbm,balanced_acc,0.3517,0.3526,0.0009
lead,driver,3.5,classification,post_maneuver_type,lightgbm,macro_f1,0.3335,0.3353,0.0018
lead,driver,3.5,regression,post_max_abs_steer_torque,logistic,r2,0.5318,0.5172,-0.0146
lead,driver,3.5,regression,post_max_abs_steer_torque,logistic,mae,316.1503,329.6371,13.4868
lead,driver,3.5,regression,post_max_abs_steer_torque,lightgbm,r2,0.5345,0.5156,-0.0189
lead,driver,3.5,regression,post_max_abs_steer_torque,lightgbm,mae,283.8025,288.3183,4.5158
lead,driver,4.0,classification,post_maneuver_type,logistic,balanced_acc,0.3565,0.3512,-0.0053
lead,driver,4.0,classification,post_maneuver_type,logistic,macro_f1,0.3139,0.3029,-0.0109
lead,driver,4.0,classification,post_maneuver_type,lightgbm,balanced_acc,0.337,0.3374,0.0004
lead,driver,4.0,classification,post_maneuver_type,lightgbm,macro_f1,0.3191,0.3151,-0.004
lead,driver,4.0,regression,post_max_abs_steer_torque,logistic,r2,0.5296,0.5178,-0.0118
lead,driver,4.0,regression,post_max_abs_steer_torque,logistic,mae,318.4257,333.7581,15.3324
lead,driver,4.0,regression,post_max_abs_steer_torque,lightgbm,r2,0.5679,0.5549,-0.013
lead,driver,4.0,regression,post_max_abs_steer_torque,lightgbm,mae,276.0772,280.6168,4.5396
lead,driver,4.5,classification,post_maneuver_type,logistic,balanced_acc,0.3533,0.322,-0.0313
lead,driver,4.5,classification,post_maneuver_type,logistic,macro_f1,0.3091,0.301,-0.0082
lead,driver,4.5,classification,post_maneuver_type,lightgbm,balanced_acc,0.3324,0.3472,0.0148
lead,driver,4.5,classification,post_maneuver_type,lightgbm,macro_f1,0.3152,0.3283,0.0131
lead,driver,4.5,regression,post_max_abs_steer_torque,logistic,r2,0.5174,0.5045,-0.0129
lead,driver,4.5,regression,post_max_abs_steer_torque,logistic,mae,319.7047,334.7198,15.0152
lead,driver,4.5,regression,post_max_abs_steer_torque,lightgbm,r2,0.5403,0.5179,-0.0224
lead,driver,4.5,regression,post_max_abs_steer_torque,lightgbm,mae,287.4807,292.6731,5.1924
lead,driver,5.0,classification,post_maneuver_type,logistic,balanced_acc,0.3426,0.3248,-0.0178
lead,driver,5.0,classification,post_maneuver_type,logistic,macro_f1,0.287,0.2997,0.0127
lead,driver,5.0,classification,post_maneuver_type,lightgbm,balanced_acc,0.3297,0.3469,0.0172
lead,driver,5.0,classification,post_maneuver_type,lightgbm,macro_f1,0.3134,0.3261,0.0127
lead,driver,5.0,regression,post_max_abs_steer_torque,logistic,r2,0.521,0.4902,-0.0308
lead,driver,5.0,regression,post_max_abs_steer_torque,logistic,mae,322.6938,340.6535,17.9596
lead,driver,5.0,regression,post_max_abs_steer_torque,lightgbm,r2,0.5162,0.5059,-0.0103
lead,driver,5.0,regression,post_max_abs_steer_torque,lightgbm,mae,296.3244,295.7367,-0.5877
lead,driver,5.5,classification,post_maneuver_type,logistic,balanced_acc,0.3272,0.3132,-0.014
lead,driver,5.5,classification,post_maneuver_type,logistic,macro_f1,0.2641,0.2969,0.0328
lead,driver,5.5,classification,post_maneuver_type,lightgbm,balanced_acc,0.3268,0.3275,0.0008
lead,driver,5.5,classification,post_maneuver_type,lightgbm,macro_f1,0.3094,0.3106,0.0012
lead,driver,5.5,regression,post_max_abs_steer_torque,logistic,r2,0.5238,0.4724,-0.0514
lead,driver,5.5,regression,post_max_abs_steer_torque,logistic,mae,314.4472,339.2558,24.8086
lead,driver,5.5,regression,post_max_abs_steer_torque,lightgbm,r2,0.4861,0.4888,0.0027
lead,driver,5.5,regression,post_max_abs_steer_torque,lightgbm,mae,305.8902,304.9208,-0.9693
lead,driver,6.0,classification,post_maneuver_type,logistic,balanced_acc,0.3262,0.3011,-0.0251
lead,driver,6.0,classification,post_maneuver_type,logistic,macro_f1,0.2534,0.2942,0.0408
lead,driver,6.0,classification,post_maneuver_type,lightgbm,balanced_acc,0.3425,0.3258,-0.0167
lead,driver,6.0,classification,post_maneuver_type,lightgbm,macro_f1,0.3255,0.301,-0.0245
lead,driver,6.0,regression,post_max_abs_steer_torque,logistic,r2,0.5364,0.5071,-0.0293
lead,driver,6.0,regression,post_max_abs_steer_torque,logistic,mae,312.5344,330.8805,18.3461
lead,driver,6.0,regression,post_max_abs_steer_torque,lightgbm,r2,0.5632,0.5239,-0.0392
lead,driver,6.0,regression,post_max_abs_steer_torque,lightgbm,mae,280.3732,290.9764,10.6032
lead,driver,6.5,classification,post_maneuver_type,logistic,balanced_acc,0.333,0.3054,-0.0276
lead,driver,6.5,classification,post_maneuver_type,logistic,macro_f1,0.248,0.2759,0.0279
lead,driver,6.5,classification,post_maneuver_type,lightgbm,balanced_acc,0.3125,0.3085,-0.004
lead,driver,6.5,classification,post_maneuver_type,lightgbm,macro_f1,0.2918,0.2957,0.0039
lead,driver,6.5,regression,post_max_abs_steer_torque,logistic,r2,0.5526,0.5316,-0.021
lead,driver,6.5,regression,post_max_abs_steer_torque,logistic,mae,304.463,317.9695,13.5065
lead,driver,6.5,regression,post_max_abs_steer_torque,lightgbm,r2,0.5417,0.5103,-0.0314
lead,driver,6.5,regression,post_max_abs_steer_torque,lightgbm,mae,287.736,297.8649,10.1289
