lead_s,n,both|lightgbm|balanced_acc,both|lightgbm|macro_f1,both|lightgbm|steer_r2,both|lightgbm|steer_mae,both|logistic|balanced_acc,both|logistic|macro_f1,both|logistic|steer_r2,both|logistic|steer_mae,both|tabpfn|balanced_acc,both|tabpfn|macro_f1,both|tabpfn|steer_r2,both|tabpfn|steer_mae,can|lightgbm|balanced_acc,can|lightgbm|macro_f1,can|lightgbm|steer_r2,can|lightgbm|steer_mae,can|logistic|balanced_acc,can|logistic|macro_f1,can|logistic|steer_r2,can|logistic|steer_mae,can|tabpfn|balanced_acc,can|tabpfn|macro_f1,can|tabpfn|steer_r2,can|tabpfn|steer_mae,vis|lightgbm|balanced_acc,vis|lightgbm|macro_f1,vis|lightgbm|steer_r2,vis|lightgbm|steer_mae,vis|logistic|balanced_acc,vis|logistic|macro_f1,vis|logistic|steer_r2,vis|logistic|steer_mae,vis|tabpfn|balanced_acc,vis|tabpfn|macro_f1,vis|tabpfn|steer_r2,vis|tabpfn|steer_mae
-0.0,1041,0.38342292886425294,0.37969992907239414,0.6175885376238388,257.52517228708956,0.36710080500282344,0.327023086102084,-0.08770438143136965,317.8676634755458,0.2498295430865804,0.22096110228028473,0.6993066544802732,205.05217622271465,0.371653631460488,0.36854908774482986,0.6366852938056595,247.94726834898657,0.37286540488341097,0.31492582361449367,-0.7624549164011262,313.88040495257184,0.26640198772664125,0.23111495212244249,0.6972907508175099,207.02478056124818,0.30996439217857,0.3095709631688578,-0.6607217502989581,669.7966119223887,0.3205228721897852,0.22892046373609878,-0.2862221892688498,600.8461132651896,0.17434088525580704,0.15231657800335402,-0.2670535420163668,600.8912722989899
0.5,1041,0.3608218726630715,0.34762729976407203,0.5698233138769997,271.42290346648724,0.3587150584978363,0.31580547923617847,0.31694184853114293,332.5310463278902,0.23817102060292705,0.2103400259754013,0.6382504692521296,229.50337628951056,0.3687982360680956,0.35495841265710426,0.5762461099763423,268.70824978485535,0.36220158320055235,0.2997704953509981,0.30794334462919704,321.1046400561856,0.2554596975730714,0.21767253501436118,0.6365479288274767,229.20829397491184,0.26776185064709296,0.2495593454092865,-0.6421604101323091,670.2405807188221,0.28874618332843627,0.2136641995181873,-0.2481645512837482,596.0345966363941,0.16801692754830416,0.14464384026256946,-0.2551295029023346,598.7497646006661
1.0,1041,0.35797689096722307,0.34181656977634384,0.5607085972139589,275.72555909460846,0.35579273768693953,0.3260211490348288,0.5087819011760448,330.06403336221734,0.23228089215048145,0.21274597098327513,0.6053990741720104,239.66483432249987,0.35824523038232226,0.3440062942304367,0.5791086827933571,272.02479362884435,0.3641569607094716,0.3101020677581644,0.5162090957153633,318.6900210932655,0.24884777503895208,0.21940334988768062,0.6037392929071255,241.35338852244678,0.2785437729180765,0.2657427176150029,-0.506244503404353,648.7291193427973,0.31333236879666615,0.219376529801682,-0.21262466737558436,587.2793199384317,0.17157400623828334,0.1452304317893375,-0.23314264586533934,594.1157870128812
1.5,1041,0.35032901981592257,0.32819168382519415,0.5415867653890594,283.45035088502607,0.3449722798275118,0.3033036984389141,0.52099737957459,324.5052029272098,0.21504511551128727,0.19791908727468935,0.6074400982058353,240.5549354438249,0.3598892895953966,0.34560823549099295,0.5588459351827172,277.5606192070148,0.3387251902406223,0.2875818192912455,0.5286823034813855,315.51741851029976,0.24476620788996878,0.2142287900928635,0.6086971398844218,240.2995792628401,0.2629751439434691,0.24879246799498828,-0.5369315413830421,643.388189243161,0.3261122794121621,0.22545747551537648,-0.23490547276345403,592.4494195064194,0.16465116717688918,0.13333925204214547,-0.24813620841451595,600.1610432260678
2.0,1041,0.35151977861689204,0.33395883707582996,0.5489052217866315,283.08421812154506,0.3461484140843044,0.29556126281147516,0.5395761573013063,325.3129016591262,0.21620151056761738,0.19732990388130017,0.5947881153913492,243.98337566077006,0.3459481362469078,0.32578241770292093,0.5530139078714027,280.74803163685516,0.35119424825441004,0.29944380548265126,0.5443420805023793,314.18489178423874,0.2364227417559265,0.20692388417735463,0.6050564440329091,239.70493313559322,0.27207816976917876,0.25914804323912866,-0.6020768971708016,659.7965472586828,0.3111000222189169,0.22578015469904975,-0.2215757340449743,590.2454665087473,0.1688471708215457,0.136970733291164,-0.253289261195049,604.1798299179178
2.5,1041,0.3481743040548282,0.3299376802757935,0.5749805836198368,276.7230884740587,0.3438674619746524,0.31846670627874046,0.5284154042900391,323.837637450097,0.21082708408756398,0.1893767365947673,0.603845359592545,242.81865777029697,0.34093206564830664,0.32137422396813015,0.5874685581828494,274.1666435931217,0.3449255264363451,0.3011759588041919,0.5578863150564962,309.5186947494521,0.23231506319974385,0.199854683597688,0.6168756295596721,237.96070186826492,0.28478108093445126,0.2719959278680778,-0.6176904624036386,668.1742972195045,0.3312541025294262,0.22941978722856088,-0.23848879059285305,593.8344806677253,0.18772813895001023,0.15503515593415557,-0.2514549946714484,604.7044258308005
3.0,1041,0.3490118597317827,0.3301831029689037,0.5826895868623835,273.0230699986881,0.33270218123354356,0.31587486311678736,0.5353813240559365,326.38354621599257,0.21191497635476172,0.19530359692016253,0.5966097871166347,246.35290954523597,0.3413060600024921,0.3238247176472441,0.5912688358208492,270.33811224191106,0.35397880804978893,0.307678574301588,0.541320552003757,316.1636624804191,0.22931034995740607,0.20040041882862272,0.6056865629057138,242.4921401123748,0.2955286149385855,0.28882687987228267,-0.5640164543837971,659.0702346937331,0.3302577371066226,0.2235346346506517,-0.25465306030351786,596.3463222957978,0.16009334750085089,0.1294920593557637,-0.24976910288316106,605.1643694857947
3.5,1041,0.34216836034091924,0.32293225108172735,0.5118616892092996,293.49197202527387,0.3317224107814392,0.29504900053537036,0.5212631872423067,326.7233723626653,0.2069757489818433,0.1871422105283433,0.5736907273943472,249.6083678711756,0.3517294836005192,0.33353300634116734,0.5345454778658716,283.8025448231574,0.355719049500741,0.3092412434436699,0.5317959099432805,316.1503143222835,0.249695486553614,0.20815231877864887,0.5857644654444032,244.6877153226611,0.2846256110436712,0.2713230645329322,-0.5717736594016907,648.1746324801618,0.2841403303631932,0.20531607876826366,-0.2458401482295698,598.1559665590416,0.13931652826251728,0.11944926871859489,-0.2638805370824891,606.559364166904
4.0,1041,0.33826696610222406,0.31629143262445025,0.5454026647694701,284.43018378087083,0.3517985625708008,0.30808233581673156,0.5187545295595386,330.16616686374084,0.22570967449964324,0.19964177291012308,0.5779368836114916,248.58228792713334,0.33696947596677507,0.3191211151584567,0.5679211919819471,276.07723246634225,0.3564531392957143,0.3138808098129425,0.5296361555155619,318.42571919943987,0.26773173251007154,0.2261383079630949,0.5885696101387639,244.53971638703769,0.28640268059231405,0.2809661845079642,-0.5529889142649544,657.3130326340054,0.3058054699829045,0.220039072860371,-0.23758947252254922,595.9270118195168,0.13835487001557115,0.11551300116420735,-0.25335911206800427,603.4169688646577
4.5,1041,0.3347034570836864,0.31559686320782465,0.5136728388848155,294.97236526650414,0.33454359192596517,0.31047532487590834,0.5007391156092595,335.06670888556425,0.20944598204911932,0.18654790707800156,0.557415150286851,253.38030454642126,0.33239577937877185,0.31522400383126564,0.5402548322689935,287.4806927090265,0.35329187558399117,0.309149751228209,0.5174098510650149,319.70467559617043,0.2484979377959803,0.20078664397120155,0.565706596091533,250.90868737849172,0.2848224874812703,0.27865321571930163,-0.537161830561476,658.1055011628788,0.27781290907877915,0.20177344712389575,-0.2673096915067938,602.277552870545,0.1298570118663576,0.10897708270954667,-0.2596485318931365,605.2582871996034
5.0,1041,0.3376257401715851,0.31623005031002316,0.5019103113791705,296.86234818046773,0.3406342270600232,0.29146040702095366,0.49706286789941834,338.437202728388,0.19425184024168352,0.17666076658033228,0.5698529679910437,250.15984998762383,0.3296717594239348,0.3134269415105924,0.516209290344755,296.3244173594017,0.34256778234295815,0.28697777853976403,0.5209665598172106,322.6938432986299,0.2228072432179689,0.1844588367699423,0.5884677596565056,244.34396055585913,0.26213899720626294,0.2545247997168816,-0.6069778200914804,668.5832049617842,0.30966230190598887,0.2218311088828985,-0.25918453599680336,599.8900508617633,0.12725625925118372,0.10823661315690795,-0.2561175699711683,603.2127586961744
5.5,1041,0.3266013622178597,0.3044242773407423,0.4641233136137493,310.8639075777464,0.3110829333772926,0.27155007617316307,0.4950455405481313,328.869723912626,0.17922448105558306,0.1593427287368721,0.5557461360281672,254.93689413260876,0.3267673277984962,0.3094415910886044,0.48610915256207254,305.89015796464713,0.3271901549303156,0.26409859062586966,0.5238245355061467,314.4472247070275,0.1960420417918492,0.16968501893863555,0.5739824319645168,249.45512800823616,0.28885030381162136,0.28628903723325216,-0.6633016418660483,675.6822814512423,0.3109002611715268,0.21580452886281254,-0.2645775904245514,602.8398494589763,0.1080010095379712,0.09054056951014394,-0.25252897040200334,602.0469944981196
6.0,1041,0.32101344122644976,0.29465122449396947,0.5226204648270525,291.88015991917655,0.3237812148764993,0.2600364144375527,0.5074498643349445,328.13786892455204,0.17696849518807214,0.15823376015386256,0.5581624841274733,254.85732291921562,0.34250606184900534,0.32548035795997343,0.5631573530989659,280.37321691196394,0.32618138646928224,0.25337385774110277,0.5364337288488781,312.5344439217041,0.1867402292747568,0.16588714562058918,0.571871900476679,250.7478869961962,0.30500103217883806,0.2989140267314158,-0.5849697053159854,664.7820392918344,0.2739519418465495,0.19306862421394916,-0.23898219166804827,600.5273204798193,0.11805533270358844,0.10246545573956686,-0.2527580399995045,602.5965408093014
6.5,1041,0.32186961948067616,0.2987425809960792,0.5235858943258718,293.09323515160924,0.33684084228150457,0.2624581244743641,0.5360373217427725,317.0411456970204,0.17874492939490386,0.1580755035229927,0.5673443722573326,250.94254763446344,0.312498620700459,0.2918100049092277,0.54168058175172,287.73596999118604,0.3329906172022337,0.24799476158978276,0.5526045399421342,304.4630090362683,0.185779510386551,0.16073382071017334,0.5682604334381548,251.16807320011472,0.25415322020990494,0.2452544578480655,-0.5825478717951995,656.4655592008594,0.27936848730292957,0.2036664577138642,-0.2521309926050245,605.7348607365263,0.1355570015817699,0.12173445469776381,-0.2616781796671778,605.8310179369925
