task,model,feature_set,metric,value
classification,tabpfn,can,balanced_acc,0.3004
classification,tabpfn,can,macro_f1,0.2441
classification,tabpfn,can,acc,0.2951
classification,tabpfn,can,n_test,2914.8
regression,tabpfn,can,mae,223.081
regression,tabpfn,can,r2,0.6394
regression,tabpfn,can,n_test,2858.8
regression,tabpfn,can,mae,2.2929
regression,tabpfn,can,r2,0.0003
regression,tabpfn,can,n_test,2858.8
classification,tabpfn,both,balanced_acc,0.3055
classification,tabpfn,both,macro_f1,0.2602
classification,tabpfn,both,acc,0.316
classification,tabpfn,both,n_test,2914.8
regression,tabpfn,both,mae,225.5492
regression,tabpfn,both,r2,0.6365
regression,tabpfn,both,n_test,2858.8
regression,tabpfn,both,mae,2.302
regression,tabpfn,both,r2,0.0021
regression,tabpfn,both,n_test,2858.8
classification,tabpfn,can,balanced_acc,0.283
classification,tabpfn,can,macro_f1,0.2204
classification,tabpfn,can,acc,0.2967
classification,tabpfn,can,n_test,694.0
classification,tabpfn,both,balanced_acc,0.2823
classification,tabpfn,both,macro_f1,0.2251
classification,tabpfn,both,acc,0.3043
classification,tabpfn,both,n_test,694.0
classification,lightgbm,can,balanced_acc,0.335
classification,lightgbm,can,macro_f1,0.306
classification,lightgbm,can,acc,0.5379
classification,lightgbm,can,n_test,2914.8
regression,lightgbm,can,mae,273.601
regression,lightgbm,can,r2,0.5141
regression,lightgbm,can,n_test,2858.8
regression,lightgbm,can,mae,2.5233
regression,lightgbm,can,r2,-0.2818
regression,lightgbm,can,n_test,2858.8
classification,lightgbm,both,balanced_acc,0.3354
classification,lightgbm,both,macro_f1,0.2662
classification,lightgbm,both,acc,0.5419
classification,lightgbm,both,n_test,2914.8
regression,lightgbm,both,mae,266.783
regression,lightgbm,both,r2,0.5328
regression,lightgbm,both,n_test,2858.8
regression,lightgbm,both,mae,2.4829
regression,lightgbm,both,r2,-0.2037
regression,lightgbm,both,n_test,2858.8
classification,lightgbm,can,balanced_acc,0.4742
classification,lightgbm,can,macro_f1,0.4118
classification,lightgbm,can,acc,0.5836
classification,lightgbm,can,n_test,694.0
classification,lightgbm,both,balanced_acc,0.4331
classification,lightgbm,both,macro_f1,0.3573
classification,lightgbm,both,acc,0.5603
classification,lightgbm,both,n_test,694.0
classification,lightgbm,light,balanced_acc,0.3354
classification,lightgbm,light,macro_f1,0.3055
classification,lightgbm,light,acc,0.539
classification,lightgbm,light,n_test,2914.8
classification,tabpfn,light,balanced_acc,0.3062
classification,tabpfn,light,macro_f1,0.2496
classification,tabpfn,light,acc,0.2971
classification,tabpfn,light,n_test,2914.8
regression,lightgbm,light,mae,265.1159
regression,lightgbm,light,r2,0.5458
regression,lightgbm,light,n_test,2858.8
regression,tabpfn,light,mae,225.4756
regression,tabpfn,light,r2,0.6384
regression,tabpfn,light,n_test,2858.8
regression,lightgbm,light,mae,2.5375
regression,lightgbm,light,r2,-0.2909
regression,lightgbm,light,n_test,2858.8
regression,tabpfn,light,mae,2.2958
regression,tabpfn,light,r2,-0.009
regression,tabpfn,light,n_test,2858.8
classification,lightgbm,light,balanced_acc,0.467
classification,lightgbm,light,macro_f1,0.3844
classification,lightgbm,light,acc,0.5773
classification,lightgbm,light,n_test,694.0
classification,tabpfn,light,balanced_acc,0.2868
classification,tabpfn,light,macro_f1,0.2253
classification,tabpfn,light,acc,0.3043
classification,tabpfn,light,n_test,694.0
